{"stats":{"minecraft:crafted":{"minecraft:oak_planks":84,"minecraft:raw_iron":9,"minecraft:crafting_table":1,"minecraft:wooden_pickaxe":1,"minecraft:furnace":1,"minecraft:stone_axe":1,"minecraft:cooked_mutton":7,"minecraft:air":0,"minecraft:oak_trapdoor":2,"minecraft:oak_boat":1,"minecraft:blue_dye":1,"minecraft:diamond_helmet":1,"minecraft:diamond_leggings":1,"minecraft:shield":1,"minecraft:iron_axe":1,"minecraft:stick":24,"minecraft:iron_ingot":10,"minecraft:iron_pickaxe":2,"minecraft:stone_pickaxe":6,"minecraft:diamond_boots":1,"minecraft:white_bed":2,"minecraft:diamond_chestplate":1},"minecraft:dropped":{"minecraft:gravel":108,"minecraft:stone_axe":1,"minecraft:cobbled_deepslate":320,"minecraft:tuff":89,"minecraft:cobblestone":5,"minecraft:granite":1,"minecraft:flint":3,"minecraft:dirt":2,"minecraft:blue_dye":2,"minecraft:andesite":4,"minecraft:spider_eye":1,"minecraft:pumpkin":1,"minecraft:magma_block":1,"minecraft:redstone":1},"minecraft:picked_up":{"minecraft:charcoal":2,"minecraft:magma_block":4,"minecraft:crafting_table":17,"minecraft:andesite":4,"minecraft:flint":6,"minecraft:tuff":90,"minecraft:oak_log":21,"minecraft:cornflower":1,"minecraft:dirt":13,"minecraft:lapis_lazuli":28,"minecraft:oak_trapdoor":8,"minecraft:string":4,"minecraft:cooked_mutton":1,"minecraft:cobbled_deepslate":696,"minecraft:grindstone":2,"minecraft:oak_boat":1,"minecraft:iron_pickaxe":1,"minecraft:chest":2,"minecraft:oak_planks":25,"minecraft:furnace":5,"minecraft:pumpkin":1,"minecraft:raw_iron":17,"minecraft:cooked_porkchop":2,"minecraft:raw_iron_block":1,"minecraft:gravel":108,"minecraft:porkchop":3,"minecraft:white_bed":6,"minecraft:redstone":11,"minecraft:spruce_door":5,"minecraft:spider_eye":1,"minecraft:diamond":33,"minecraft:blue_dye":1,"minecraft:granite":1,"minecraft:coal":18,"minecraft:mutton":14,"minecraft:white_wool":6,"minecraft:cobblestone":53},"minecraft:custom":{"minecraft:interact_with_furnace":26,"minecraft:mob_kills":11,"minecraft:interact_with_crafting_table":28,"minecraft:leave_game":2,"minecraft:time_since_death":105649,"minecraft:sleep_in_bed":5,"minecraft:time_since_rest":8070,"minecraft:sprint_one_cm":194464,"minecraft:damage_taken":388,"minecraft:walk_one_cm":154057,"minecraft:damage_blocked_by_shield":60,"minecraft:drop":22,"minecraft:damage_dealt":1080,"minecraft:talked_to_villager":2,"minecraft:swim_one_cm":56169,"minecraft:fly_one_cm":279152,"minecraft:open_chest":5,"minecraft:crouch_one_cm":34891,"minecraft:play_time":105649,"minecraft:sneak_time":18066,"minecraft:walk_under_water_one_cm":3697,"minecraft:boat_one_cm":182513,"minecraft:jump":1381,"minecraft:walk_on_water_one_cm":8957,"minecraft:total_world_time":105649,"minecraft:fall_one_cm":31192},"minecraft:used":{"minecraft:oak_trapdoor":8,"minecraft:cooked_mutton":8,"minecraft:water_bucket":4,"minecraft:diamond_boots":1,"minecraft:spruce_door":4,"minecraft:stone_pickaxe":760,"minecraft:chest":2,"minecraft:wooden_pickaxe":3,"minecraft:shield":2,"minecraft:rotten_flesh":7,"minecraft:dirt":11,"minecraft:mutton":1,"minecraft:crafting_table":16,"minecraft:diamond_helmet":1,"minecraft:white_bed":6,"minecraft:tuff":1,"minecraft:lava_bucket":6,"minecraft:iron_axe":12,"minecraft:iron_pickaxe":252,"minecraft:stone_axe":37,"minecraft:magma_block":3,"minecraft:cobblestone":1,"minecraft:cooked_porkchop":1,"minecraft:furnace":5,"minecraft:grindstone":1,"minecraft:bucket":11,"minecraft:oak_boat":2,"minecraft:cobbled_deepslate":77,"minecraft:diamond_leggings":1},"minecraft:broken":{"minecraft:stone_pickaxe":5,"minecraft:iron_pickaxe":1},"minecraft:mined":{"minecraft:deepslate_redstone_ore":4,"minecraft:tuff":94,"minecraft:spruce_planks":2,"minecraft:white_bed":7,"minecraft:deepslate_diamond_ore":33,"minecraft:spruce_door":5,"minecraft:cornflower":1,"minecraft:crafting_table":17,"minecraft:granite":1,"minecraft:grass_block":1,"minecraft:campfire":1,"minecraft:redstone_wire":1,"minecraft:cobblestone":3,"minecraft:spruce_leaves":1,"minecraft:grindstone":1,"minecraft:oak_planks":1,"minecraft:spawner":1,"minecraft:magma_block":4,"minecraft:raw_iron_block":1,"minecraft:oak_trapdoor":8,"minecraft:furnace":5,"minecraft:cobbled_deepslate":1,"minecraft:andesite":4,"minecraft:pumpkin":1,"minecraft:deepslate_lapis_ore":5,"minecraft:grass":3,"minecraft:coal_ore":18,"minecraft:oak_log":21,"minecraft:deepslate_iron_ore":17,"minecraft:dirt_path":5,"minecraft:gravel":124,"minecraft:dirt":6,"minecraft:stone":57,"minecraft:fern":1,"minecraft:deepslate":760},"minecraft:killed":{"minecraft:pig":2,"minecraft:spider":2,"minecraft:sheep":6,"minecraft:fox":1}},"DataVersion":3465}