{"stats":{"minecraft:killed":{"minecraft:spider":4,"minecraft:guardian":3,"minecraft:fox":1,"minecraft:drowned":2,"minecraft:pig":11,"minecraft:sheep":6,"minecraft:zombie":2,"minecraft:cow":9,"minecraft:enderman":2},"minecraft:dropped":{"minecraft:feather":4,"minecraft:cobblestone":5,"minecraft:granite":1,"minecraft:stick":4,"minecraft:flint":6,"minecraft:dirt":6,"minecraft:blue_dye":2,"minecraft:ink_sac":4,"minecraft:potion":3,"minecraft:pumpkin":1,"minecraft:sand":147,"minecraft:string":16,"minecraft:fishing_rod":1,"minecraft:redstone":1,"minecraft:gravel":121,"minecraft:stone_axe":1,"minecraft:kelp":11,"minecraft:iron_nugget":2,"minecraft:cobbled_deepslate":384,"minecraft:tuff":89,"minecraft:prismarine":1,"minecraft:filled_map":1,"minecraft:charcoal":2,"minecraft:andesite":4,"minecraft:spider_eye":2,"minecraft:stone_pickaxe":1,"minecraft:magma_block":1},"minecraft:picked_up":{"minecraft:fishing_rod":1,"minecraft:charcoal":2,"minecraft:crafting_table":23,"minecraft:anvil":1,"minecraft:smithing_table":1,"minecraft:potion":4,"minecraft:shield":2,"minecraft:cornflower":1,"minecraft:string":54,"minecraft:oak_trapdoor":8,"minecraft:iron_axe":2,"minecraft:cooked_salmon":4,"minecraft:diamond_leggings":2,"minecraft:cobbled_deepslate":985,"minecraft:beef":20,"minecraft:oak_boat":2,"minecraft:iron_nugget":26,"minecraft:iron_pickaxe":5,"minecraft:chest":2,"minecraft:furnace":9,"minecraft:stick":1,"minecraft:raw_iron":49,"minecraft:porkchop":24,"minecraft:redstone":11,"minecraft:prismarine_crystals":2,"minecraft:tnt":2,"minecraft:diamond_chestplate":2,"minecraft:arrow":2,"minecraft:cooked_cod":2,"minecraft:diamond_boots":2,"minecraft:blue_dye":1,"minecraft:gold_ingot":32,"minecraft:obsidian":4,"minecraft:mutton":14,"minecraft:white_wool":6,"minecraft:cobblestone":109,"minecraft:wet_sponge":18,"minecraft:enchanting_table":1,"minecraft:magma_block":4,"minecraft:water_bucket":2,"minecraft:andesite":4,"minecraft:leather":10,"minecraft:filled_map":1,"minecraft:flint":6,"minecraft:tuff":90,"minecraft:oak_log":21,"minecraft:lapis_lazuli":96,"minecraft:dirt":28,"minecraft:paper":36,"minecraft:name_tag":2,"minecraft:cooked_mutton":1,"minecraft:kelp":15,"minecraft:heart_of_the_sea":2,"minecraft:grindstone":4,"minecraft:iron_ingot":26,"minecraft:diamond_helmet":2,"minecraft:prismarine":2,"minecraft:iron_sword":1,"minecraft:oak_planks":87,"minecraft:cooked_porkchop":2,"minecraft:pumpkin":1,"minecraft:sweet_berries":17,"minecraft:raw_iron_block":1,"minecraft:gravel":123,"minecraft:sand":165,"minecraft:ink_sac":5,"minecraft:white_bed":7,"minecraft:spider_eye":2,"minecraft:spruce_door":5,"minecraft:iron_hoe":1,"minecraft:diamond":53,"minecraft:granite":1,"minecraft:golden_apple":2,"minecraft:emerald":16,"minecraft:coal":98,"minecraft:ender_pearl":3},"minecraft:custom":{"minecraft:interact_with_smithing_table":6,"minecraft:interact_with_anvil":1,"minecraft:mob_kills":40,"minecraft:interact_with_crafting_table":50,"minecraft:leave_game":4,"minecraft:time_since_death":38737,"minecraft:sprint_one_cm":241698,"minecraft:walk_one_cm":183085,"minecraft:damage_blocked_by_shield":60,"minecraft:drop":112,"minecraft:talked_to_villager":2,"minecraft:play_time":229686,"minecraft:deaths":3,"minecraft:sneak_time":31129,"minecraft:walk_under_water_one_cm":108712,"minecraft:boat_one_cm":1015823,"minecraft:jump":1909,"minecraft:walk_on_water_one_cm":55353,"minecraft:enchant_item":3,"minecraft:total_world_time":229686,"minecraft:interact_with_furnace":44,"minecraft:sleep_in_bed":5,"minecraft:time_since_rest":38757,"minecraft:damage_taken":2525,"minecraft:damage_absorbed":80,"minecraft:damage_dealt":6956,"minecraft:swim_one_cm":420546,"minecraft:fly_one_cm":359515,"minecraft:open_chest":32,"minecraft:crouch_one_cm":36022,"minecraft:fall_one_cm":42771},"minecraft:broken":{"minecraft:stone_pickaxe":5,"minecraft:iron_pickaxe":1,"minecraft:stone_shovel":1},"minecraft:crafted":{"minecraft:oak_planks":84,"minecraft:raw_iron":9,"minecraft:stone_shovel":2,"minecraft:furnace":1,"minecraft:cooked_mutton":7,"minecraft:oak_trapdoor":2,"minecraft:diamond_helmet":2,"minecraft:diamond_leggings":2,"minecraft:iron_axe":1,"minecraft:iron_hoe":1,"minecraft:stone_pickaxe":6,"minecraft:diamond_boots":2,"minecraft:cooked_porkchop":24,"minecraft:crafting_table":3,"minecraft:enchanting_table":1,"minecraft:wooden_pickaxe":1,"minecraft:iron_sword":1,"minecraft:smithing_table":1,"minecraft:stone_axe":1,"minecraft:air":0,"minecraft:blue_dye":1,"minecraft:oak_boat":3,"minecraft:shield":1,"minecraft:stick":36,"minecraft:iron_ingot":31,"minecraft:iron_pickaxe":2,"minecraft:iron_block":3,"minecraft:iron_shovel":1,"minecraft:anvil":1,"minecraft:white_bed":2,"minecraft:diamond_chestplate":2},"minecraft:mined":{"minecraft:tuff":94,"minecraft:spruce_planks":3,"minecraft:white_bed":7,"minecraft:deepslate_diamond_ore":33,"minecraft:granite":1,"minecraft:grass_block":1,"minecraft:redstone_wire":1,"minecraft:spruce_leaves":1,"minecraft:kelp":8,"minecraft:spawner":1,"minecraft:magma_block":4,"minecraft:raw_iron_block":1,"minecraft:oak_trapdoor":8,"minecraft:furnace":7,"minecraft:cobbled_deepslate":2,"minecraft:andesite":4,"minecraft:pumpkin":1,"minecraft:anvil":1,"minecraft:deepslate_lapis_ore":5,"minecraft:enchanting_table":1,"minecraft:deepslate_iron_ore":17,"minecraft:dirt_path":5,"minecraft:wet_sponge":9,"minecraft:stone":62,"minecraft:smithing_table":1,"minecraft:deepslate_redstone_ore":4,"minecraft:kelp_plant":7,"minecraft:spruce_door":5,"minecraft:crafting_table":21,"minecraft:cornflower":1,"minecraft:campfire":1,"minecraft:cobblestone":4,"minecraft:prismarine":1,"minecraft:grindstone":1,"minecraft:oak_planks":1,"minecraft:seagrass":2,"minecraft:grass":3,"minecraft:oak_log":21,"minecraft:coal_ore":18,"minecraft:gravel":143,"minecraft:sand":147,"minecraft:dirt":23,"minecraft:mossy_stone_bricks":1,"minecraft:fern":1,"minecraft:deepslate":760},"minecraft:used":{"minecraft:oak_trapdoor":8,"minecraft:enchanting_table":1,"minecraft:iron_shovel":32,"minecraft:stone_shovel":137,"minecraft:chest":2,"minecraft:shield":2,"minecraft:iron_sword":13,"minecraft:cooked_salmon":4,"minecraft:rotten_flesh":7,"minecraft:dirt":11,"minecraft:anvil":1,"minecraft:mutton":1,"minecraft:diamond_helmet":5,"minecraft:tuff":1,"minecraft:iron_hoe":10,"minecraft:lava_bucket":6,"minecraft:iron_axe":84,"minecraft:diamond_chestplate":3,"minecraft:magma_block":3,"minecraft:sweet_berries":17,"minecraft:furnace":7,"minecraft:cooked_cod":3,"minecraft:cobbled_deepslate":110,"minecraft:cooked_mutton":8,"minecraft:water_bucket":238,"minecraft:diamond_boots":3,"minecraft:spruce_door":5,"minecraft:glass_bottle":2,"minecraft:stone_pickaxe":760,"minecraft:ender_pearl":1,"minecraft:wooden_pickaxe":3,"minecraft:golden_apple":2,"minecraft:sand":1,"minecraft:crafting_table":23,"minecraft:white_bed":8,"minecraft:iron_pickaxe":267,"minecraft:gravel":1,"minecraft:stone_axe":37,"minecraft:fishing_rod":5,"minecraft:cobblestone":12,"minecraft:potion":2,"minecraft:cooked_porkchop":7,"minecraft:grindstone":1,"minecraft:smithing_table":1,"minecraft:bucket":245,"minecraft:oak_boat":5,"minecraft:diamond_leggings":4},"minecraft:killed_by":{"minecraft:guardian":2}},"DataVersion":3465}