{"stats":{"minecraft:killed":{"minecraft:spider":4,"minecraft:guardian":3,"minecraft:fox":1,"minecraft:drowned":2,"minecraft:pig":2,"minecraft:sheep":6,"minecraft:zombie":2,"minecraft:enderman":2},"minecraft:dropped":{"minecraft:feather":4,"minecraft:cobblestone":5,"minecraft:granite":1,"minecraft:stick":2,"minecraft:flint":6,"minecraft:dirt":2,"minecraft:blue_dye":2,"minecraft:potion":2,"minecraft:pumpkin":1,"minecraft:sand":141,"minecraft:string":16,"minecraft:redstone":1,"minecraft:gravel":113,"minecraft:stone_axe":1,"minecraft:cobbled_deepslate":320,"minecraft:tuff":89,"minecraft:charcoal":2,"minecraft:andesite":4,"minecraft:spider_eye":2,"minecraft:stone_pickaxe":1,"minecraft:magma_block":1},"minecraft:picked_up":{"minecraft:charcoal":2,"minecraft:crafting_table":22,"minecraft:potion":3,"minecraft:shield":1,"minecraft:cornflower":1,"minecraft:string":38,"minecraft:oak_trapdoor":8,"minecraft:cooked_salmon":4,"minecraft:iron_axe":1,"minecraft:diamond_leggings":1,"minecraft:cobbled_deepslate":857,"minecraft:oak_boat":1,"minecraft:iron_nugget":26,"minecraft:iron_pickaxe":3,"minecraft:chest":2,"minecraft:furnace":7,"minecraft:raw_iron":33,"minecraft:porkchop":3,"minecraft:redstone":11,"minecraft:prismarine_crystals":2,"minecraft:tnt":1,"minecraft:arrow":1,"minecraft:diamond_chestplate":1,"minecraft:cooked_cod":2,"minecraft:diamond_boots":1,"minecraft:blue_dye":1,"minecraft:gold_ingot":16,"minecraft:obsidian":2,"minecraft:mutton":14,"minecraft:white_wool":6,"minecraft:cobblestone":86,"minecraft:magma_block":4,"minecraft:water_bucket":1,"minecraft:andesite":4,"minecraft:flint":6,"minecraft:tuff":90,"minecraft:oak_log":21,"minecraft:lapis_lazuli":62,"minecraft:dirt":24,"minecraft:paper":18,"minecraft:name_tag":1,"minecraft:cooked_mutton":1,"minecraft:heart_of_the_sea":1,"minecraft:iron_ingot":15,"minecraft:grindstone":3,"minecraft:diamond_helmet":1,"minecraft:oak_planks":57,"minecraft:cooked_porkchop":2,"minecraft:pumpkin":1,"minecraft:raw_iron_block":1,"minecraft:gravel":113,"minecraft:sand":146,"minecraft:white_bed":7,"minecraft:spider_eye":2,"minecraft:spruce_door":5,"minecraft:diamond":43,"minecraft:granite":1,"minecraft:golden_apple":2,"minecraft:emerald":8,"minecraft:coal":37,"minecraft:ender_pearl":2},"minecraft:custom":{"minecraft:mob_kills":22,"minecraft:interact_with_crafting_table":38,"minecraft:leave_game":3,"minecraft:time_since_death":28581,"minecraft:sprint_one_cm":202229,"minecraft:walk_one_cm":164202,"minecraft:damage_blocked_by_shield":60,"minecraft:drop":94,"minecraft:talked_to_villager":2,"minecraft:play_time":169799,"minecraft:sneak_time":29147,"minecraft:deaths":2,"minecraft:walk_under_water_one_cm":73292,"minecraft:boat_one_cm":577253,"minecraft:jump":1555,"minecraft:walk_on_water_one_cm":27831,"minecraft:total_world_time":169799,"minecraft:interact_with_furnace":29,"minecraft:sleep_in_bed":5,"minecraft:time_since_rest":28601,"minecraft:damage_taken":2108,"minecraft:damage_absorbed":80,"minecraft:damage_dealt":5072,"minecraft:swim_one_cm":320357,"minecraft:fly_one_cm":288656,"minecraft:open_chest":17,"minecraft:crouch_one_cm":35769,"minecraft:fall_one_cm":33309},"minecraft:broken":{"minecraft:stone_pickaxe":5,"minecraft:iron_pickaxe":1,"minecraft:stone_shovel":1},"minecraft:crafted":{"minecraft:oak_planks":84,"minecraft:raw_iron":9,"minecraft:stone_shovel":2,"minecraft:furnace":1,"minecraft:cooked_mutton":7,"minecraft:oak_trapdoor":2,"minecraft:diamond_helmet":1,"minecraft:diamond_leggings":1,"minecraft:iron_axe":1,"minecraft:iron_hoe":1,"minecraft:stone_pickaxe":6,"minecraft:diamond_boots":1,"minecraft:cooked_porkchop":3,"minecraft:crafting_table":1,"minecraft:wooden_pickaxe":1,"minecraft:iron_sword":1,"minecraft:stone_axe":1,"minecraft:air":0,"minecraft:blue_dye":1,"minecraft:oak_boat":2,"minecraft:shield":1,"minecraft:stick":32,"minecraft:iron_ingot":11,"minecraft:iron_pickaxe":2,"minecraft:white_bed":2,"minecraft:diamond_chestplate":1},"minecraft:mined":{"minecraft:tuff":94,"minecraft:spruce_planks":2,"minecraft:white_bed":7,"minecraft:deepslate_diamond_ore":33,"minecraft:granite":1,"minecraft:grass_block":1,"minecraft:redstone_wire":1,"minecraft:spruce_leaves":1,"minecraft:spawner":1,"minecraft:magma_block":4,"minecraft:raw_iron_block":1,"minecraft:oak_trapdoor":8,"minecraft:furnace":6,"minecraft:cobbled_deepslate":2,"minecraft:andesite":4,"minecraft:pumpkin":1,"minecraft:deepslate_lapis_ore":5,"minecraft:deepslate_iron_ore":17,"minecraft:dirt_path":5,"minecraft:stone":62,"minecraft:deepslate_redstone_ore":4,"minecraft:spruce_door":5,"minecraft:crafting_table":20,"minecraft:cornflower":1,"minecraft:campfire":1,"minecraft:cobblestone":3,"minecraft:grindstone":1,"minecraft:oak_planks":1,"minecraft:seagrass":2,"minecraft:grass":3,"minecraft:oak_log":21,"minecraft:coal_ore":18,"minecraft:gravel":129,"minecraft:sand":125,"minecraft:dirt":19,"minecraft:fern":1,"minecraft:deepslate":760},"minecraft:used":{"minecraft:oak_trapdoor":8,"minecraft:stone_shovel":137,"minecraft:chest":2,"minecraft:shield":2,"minecraft:iron_sword":13,"minecraft:cooked_salmon":4,"minecraft:rotten_flesh":7,"minecraft:dirt":11,"minecraft:mutton":1,"minecraft:diamond_helmet":2,"minecraft:tuff":1,"minecraft:lava_bucket":6,"minecraft:iron_axe":60,"minecraft:diamond_chestplate":1,"minecraft:magma_block":3,"minecraft:furnace":6,"minecraft:cooked_cod":3,"minecraft:cobbled_deepslate":105,"minecraft:cooked_mutton":8,"minecraft:water_bucket":194,"minecraft:diamond_boots":1,"minecraft:spruce_door":5,"minecraft:glass_bottle":2,"minecraft:stone_pickaxe":760,"minecraft:wooden_pickaxe":3,"minecraft:golden_apple":2,"minecraft:sand":1,"minecraft:crafting_table":21,"minecraft:white_bed":7,"minecraft:iron_pickaxe":260,"minecraft:stone_axe":37,"minecraft:cobblestone":1,"minecraft:potion":2,"minecraft:cooked_porkchop":5,"minecraft:grindstone":1,"minecraft:bucket":201,"minecraft:oak_boat":3,"minecraft:diamond_leggings":1},"minecraft:killed_by":{"minecraft:guardian":1}},"DataVersion":3465}