{"stats":{"minecraft:mined":{"minecraft:grass":2},"minecraft:killed_by":{"minecraft:player":1},"minecraft:picked_up":{"minecraft:jungle_log":5,"minecraft:wheat_seeds":1,"minecraft:oak_log":1,"minecraft:oak_sapling":1,"minecraft:sugar_cane":5},"minecraft:custom":{"minecraft:time_since_rest":985,"minecraft:play_time":2407,"minecraft:sprint_one_cm":8610,"minecraft:walk_one_cm":6169,"minecraft:damage_taken":366,"minecraft:deaths":1,"minecraft:sneak_time":77,"minecraft:walk_under_water_one_cm":1450,"minecraft:jump":114,"minecraft:damage_dealt":538,"minecraft:leave_game":1,"minecraft:time_since_death":956,"minecraft:walk_on_water_one_cm":603,"minecraft:total_world_time":2407,"minecraft:climb_one_cm":176,"minecraft:swim_one_cm":5399,"minecraft:fall_one_cm":3053,"minecraft:fly_one_cm":16715,"minecraft:player_kills":3}},"DataVersion":3465}