{"stats":{"minecraft:mined":{"minecraft:grass":13,"minecraft:grass_block":1,"minecraft:oak_log":3,"minecraft:melon":1,"minecraft:vine":1,"minecraft:oak_leaves":2,"minecraft:fern":6},"minecraft:used":{"minecraft:wooden_axe":4,"minecraft:dirt":1,"minecraft:crafting_table":1},"minecraft:killed":{"minecraft:pig":1},"minecraft:crafted":{"minecraft:diamond_boots":1,"minecraft:oak_planks":12,"minecraft:diamond_sword":1,"minecraft:diamond_helmet":1,"minecraft:diamond_leggings":1,"minecraft:diamond_axe":1,"minecraft:crafting_table":1,"minecraft:stick":8,"minecraft:diamond_chestplate":1},"minecraft:picked_up":{"minecraft:wooden_axe":2,"minecraft:diamond":64,"minecraft:wheat_seeds":9,"minecraft:porkchop":2,"minecraft:jungle_planks":40,"minecraft:oak_log":3,"minecraft:melon_slice":5,"minecraft:dirt":1},"minecraft:custom":{"minecraft:time_since_rest":2694,"minecraft:damage_taken":1498,"minecraft:sprint_one_cm":42961,"minecraft:play_time":9512,"minecraft:deaths":6,"minecraft:walk_one_cm":17410,"minecraft:mob_kills":1,"minecraft:jump":329,"minecraft:damage_dealt":740,"minecraft:leave_game":1,"minecraft:walk_on_water_one_cm":1854,"minecraft:time_since_death":2667,"minecraft:climb_one_cm":4270,"minecraft:total_world_time":9512,"minecraft:interact_with_crafting_table":2,"minecraft:fall_one_cm":19332,"minecraft:fly_one_cm":33477,"minecraft:player_kills":2},"minecraft:killed_by":{"minecraft:skeleton":1,"minecraft:player":2}},"DataVersion":3465}