{"stats":{"minecraft:crafted":{"minecraft:cooked_beef":3,"minecraft:oak_door":3,"minecraft:oak_planks":88,"minecraft:cooked_porkchop":12,"minecraft:crafting_table":2,"minecraft:wooden_pickaxe":2,"minecraft:iron_helmet":1,"minecraft:furnace":2,"minecraft:bucket":1,"minecraft:stone_axe":2,"minecraft:cooked_mutton":9,"minecraft:iron_boots":1,"minecraft:iron_chestplate":1,"minecraft:shield":2,"minecraft:iron_axe":2,"minecraft:stick":28,"minecraft:iron_ingot":68,"minecraft:iron_pickaxe":2,"minecraft:stone_pickaxe":3,"minecraft:wooden_axe":2,"minecraft:iron_leggings":1,"minecraft:white_bed":2},"minecraft:dropped":{"minecraft:iron_ingot":5,"minecraft:sweet_berries":1,"minecraft:iron_axe":1,"minecraft:iron_pickaxe":1},"minecraft:picked_up":{"minecraft:wooden_axe":1,"minecraft:iron_chestplate":1,"minecraft:crafting_table":9,"minecraft:feather":1,"minecraft:chicken":1,"minecraft:andesite":2,"minecraft:leather":1,"minecraft:wooden_pickaxe":1,"minecraft:oak_log":22,"minecraft:string":4,"minecraft:dirt":3,"minecraft:iron_axe":1,"minecraft:iron_leggings":1,"minecraft:bone":2,"minecraft:bow":1,"minecraft:wheat_seeds":1,"minecraft:raw_gold":14,"minecraft:beef":3,"minecraft:stone_pickaxe":1,"minecraft:iron_pickaxe":1,"minecraft:oak_planks":31,"minecraft:iron_boots":1,"minecraft:furnace":8,"minecraft:raw_iron":86,"minecraft:cooked_porkchop":4,"minecraft:pumpkin":1,"minecraft:sweet_berries":36,"minecraft:porkchop":12,"minecraft:ink_sac":3,"minecraft:diorite":1,"minecraft:white_bed":2,"minecraft:spider_eye":1,"minecraft:arrow":4,"minecraft:rotten_flesh":12,"minecraft:diamond":2,"minecraft:stone_axe":2,"minecraft:pumpkin_pie":1,"minecraft:iron_helmet":1,"minecraft:granite":1,"minecraft:mutton":14,"minecraft:coal":95,"minecraft:white_wool":6,"minecraft:cobblestone":136},"minecraft:killed_by":{"minecraft:skeleton":5,"minecraft:zombie":2},"minecraft:custom":{"minecraft:interact_with_furnace":47,"minecraft:mob_kills":31,"minecraft:interact_with_crafting_table":22,"minecraft:leave_game":1,"minecraft:time_since_death":71018,"minecraft:climb_one_cm":629,"minecraft:time_since_rest":71086,"minecraft:sprint_one_cm":365821,"minecraft:damage_taken":2694,"minecraft:walk_one_cm":541932,"minecraft:damage_blocked_by_shield":1275,"minecraft:drop":4,"minecraft:damage_dealt":4607,"minecraft:swim_one_cm":54259,"minecraft:fly_one_cm":341669,"minecraft:open_chest":6,"minecraft:crouch_one_cm":2662,"minecraft:play_time":135548,"minecraft:deaths":7,"minecraft:sneak_time":1476,"minecraft:walk_under_water_one_cm":12895,"minecraft:jump":2036,"minecraft:walk_on_water_one_cm":44857,"minecraft:total_world_time":135548,"minecraft:fall_one_cm":43762},"minecraft:used":{"minecraft:cooked_mutton":4,"minecraft:stone_pickaxe":173,"minecraft:oak_planks":2,"minecraft:wooden_pickaxe":81,"minecraft:shield":20,"minecraft:oak_door":3,"minecraft:dirt":1,"minecraft:crafting_table":8,"minecraft:white_bed":1,"minecraft:wooden_axe":25,"minecraft:iron_axe":91,"minecraft:bread":1,"minecraft:iron_pickaxe":41,"minecraft:stone_axe":26,"minecraft:cobblestone":51,"minecraft:sweet_berries":6,"minecraft:furnace":7,"minecraft:cooked_porkchop":7,"minecraft:pumpkin_pie":1,"minecraft:cooked_beef":3},"minecraft:mined":{"minecraft:white_bed":1,"minecraft:crafting_table":8,"minecraft:granite":1,"minecraft:grass_block":1,"minecraft:tall_grass":2,"minecraft:cobblestone":15,"minecraft:diorite":1,"minecraft:large_fern":2,"minecraft:furnace":7,"minecraft:iron_ore":80,"minecraft:sweet_berry_bush":14,"minecraft:andesite":1,"minecraft:grass":8,"minecraft:coal_ore":78,"minecraft:oak_log":22,"minecraft:stone":98,"minecraft:gold_ore":14,"minecraft:oak_leaves":1,"minecraft:fern":1},"minecraft:killed":{"minecraft:pig":6,"minecraft:spider":4,"minecraft:creeper":1,"minecraft:sheep":6,"minecraft:skeleton":3,"minecraft:zombie":7,"minecraft:chicken":1,"minecraft:drowned":1,"minecraft:cow":1}},"DataVersion":3465}