{"stats":{"minecraft:mined":{"minecraft:grass_block":1,"minecraft:melon":7,"minecraft:vine":1,"minecraft:jungle_log":47,"minecraft:dirt":2,"minecraft:jungle_leaves":2,"minecraft:sugar_cane":1,"minecraft:crafting_table":1},"minecraft:killed_by":{"minecraft:zombie":1,"minecraft:player":2},"minecraft:picked_up":{"minecraft:crafting_table":1,"minecraft:jungle_log":47,"minecraft:melon_slice":35,"minecraft:sugar_cane":1,"minecraft:dirt":3},"minecraft:custom":{"minecraft:time_since_rest":1933,"minecraft:crouch_one_cm":41,"minecraft:sprint_one_cm":18764,"minecraft:play_time":12178,"minecraft:damage_taken":845,"minecraft:walk_one_cm":24371,"minecraft:deaths":3,"minecraft:sneak_time":603,"minecraft:walk_under_water_one_cm":1271,"minecraft:jump":149,"minecraft:damage_dealt":103,"minecraft:leave_game":2,"minecraft:walk_on_water_one_cm":824,"minecraft:time_since_death":1898,"minecraft:total_world_time":12178,"minecraft:climb_one_cm":2145,"minecraft:interact_with_crafting_table":1,"minecraft:swim_one_cm":18982,"minecraft:fall_one_cm":4084,"minecraft:fly_one_cm":18714},"minecraft:crafted":{"minecraft:crafting_table":3,"minecraft:stick":24,"minecraft:wooden_pickaxe":1,"minecraft:jungle_planks":140,"minecraft:wooden_axe":1},"minecraft:used":{"minecraft:wooden_axe":9,"minecraft:dirt":3,"minecraft:crafting_table":1,"minecraft:jungle_log":4}},"DataVersion":3465}