{"stats":{"minecraft:killed":{"minecraft:spider":1,"minecraft:skeleton":3,"minecraft:pig":4,"minecraft:iron_golem":2,"minecraft:sheep":8,"minecraft:zombie":6,"minecraft:cow":8},"minecraft:dropped":{"minecraft:enchanted_book":1,"minecraft:porkchop":1,"minecraft:wheat_seeds":9,"minecraft:cooked_beef":1,"minecraft:mossy_cobblestone":1,"minecraft:cobblestone":4,"minecraft:book":7,"minecraft:leather":6,"minecraft:granite":1,"minecraft:stick":9,"minecraft:emerald":1,"minecraft:dirt":9,"minecraft:blue_dye":3,"minecraft:dark_oak_fence":8,"minecraft:pumpkin_pie":1,"minecraft:iron_axe":6,"minecraft:paper":1,"minecraft:string":2,"minecraft:white_wool":2,"minecraft:spruce_sapling":1,"minecraft:gravel":2,"minecraft:stone_axe":1,"minecraft:sugar_cane":4,"minecraft:composter":3,"minecraft:birch_sapling":1,"minecraft:stone_shovel":1,"minecraft:obsidian":1,"minecraft:rotten_flesh":28,"minecraft:grindstone":1,"minecraft:oak_planks":9,"minecraft:flint_and_steel":1,"minecraft:potato":6,"minecraft:cobblestone_slab":4,"minecraft:shield":1,"minecraft:spruce_trapdoor":1,"minecraft:spruce_planks":1,"minecraft:purple_bed":1,"minecraft:oak_sapling":1,"minecraft:arrow":32,"minecraft:bow":3,"minecraft:wooden_pickaxe":3,"minecraft:stone_pickaxe":7},"minecraft:picked_up":{"minecraft:crafting_table":5,"minecraft:smithing_table":15,"minecraft:wooden_pickaxe":2,"minecraft:shield":1,"minecraft:string":2,"minecraft:iron_axe":5,"minecraft:cobbled_deepslate":25,"minecraft:spruce_planks":52,"minecraft:beef":5,"minecraft:cobblestone_slab":2,"minecraft:poppy":2,"minecraft:lectern":11,"minecraft:sugar_cane":4,"minecraft:birch_sapling":1,"minecraft:spruce_trapdoor":5,"minecraft:furnace":6,"minecraft:stick":14,"minecraft:raw_iron":10,"minecraft:composter":3,"minecraft:porkchop":1,"minecraft:carrot":6,"minecraft:redstone":1,"minecraft:arrow":4,"minecraft:rotten_flesh":32,"minecraft:diamond_boots":1,"minecraft:blue_dye":3,"minecraft:obsidian":1,"minecraft:mutton":9,"minecraft:white_wool":8,"minecraft:cobblestone":110,"minecraft:birch_log":7,"minecraft:cooked_beef":11,"minecraft:leather":9,"minecraft:potato":3,"minecraft:flint":5,"minecraft:oak_log":322,"minecraft:yellow_bed":3,"minecraft:dirt":118,"minecraft:cooked_mutton":7,"minecraft:bone":2,"minecraft:apple":1,"minecraft:bow":3,"minecraft:wheat_seeds":9,"minecraft:stone_pickaxe":1,"minecraft:bell":1,"minecraft:grindstone":9,"minecraft:iron_ingot":22,"minecraft:fletching_table":4,"minecraft:book":39,"minecraft:cooked_porkchop":7,"minecraft:gravel":58,"minecraft:spruce_sapling":5,"minecraft:white_bed":1,"minecraft:spruce_log":167,"minecraft:spruce_door":1,"minecraft:mossy_cobblestone":2,"minecraft:purple_bed":1,"minecraft:diamond":3,"minecraft:granite":1,"minecraft:emerald":7,"minecraft:oak_sapling":3,"minecraft:dark_oak_fence":9},"minecraft:custom":{"minecraft:mob_kills":36,"minecraft:animals_bred":1,"minecraft:interact_with_crafting_table":26,"minecraft:leave_game":6,"minecraft:time_since_death":231970,"minecraft:climb_one_cm":977,"minecraft:sprint_one_cm":592084,"minecraft:walk_one_cm":303498,"minecraft:damage_blocked_by_shield":300,"minecraft:drop":100,"minecraft:talked_to_villager":183,"minecraft:play_time":233738,"minecraft:deaths":1,"minecraft:sneak_time":2130,"minecraft:walk_under_water_one_cm":10862,"minecraft:boat_one_cm":1200789,"minecraft:jump":4008,"minecraft:walk_on_water_one_cm":21503,"minecraft:total_world_time":233738,"minecraft:interact_with_furnace":25,"minecraft:traded_with_villager":148,"minecraft:interact_with_grindstone":1,"minecraft:sleep_in_bed":11,"minecraft:time_since_rest":2437,"minecraft:damage_taken":1966,"minecraft:damage_dealt":5172,"minecraft:fly_one_cm":998898,"minecraft:swim_one_cm":72496,"minecraft:open_chest":30,"minecraft:crouch_one_cm":5048,"minecraft:fall_one_cm":84967,"minecraft:horse_one_cm":5408},"minecraft:broken":{"minecraft:stone_axe":1},"minecraft:crafted":{"minecraft:oak_planks":1188,"minecraft:stone_shovel":1,"minecraft:cobblestone_slab":6,"minecraft:furnace":2,"minecraft:cooked_mutton":9,"minecraft:flint_and_steel":1,"minecraft:diamond_leggings":1,"minecraft:bow":1,"minecraft:iron_boots":1,"minecraft:iron_axe":9,"minecraft:stone_pickaxe":17,"minecraft:chest":2,"minecraft:cooked_beef":5,"minecraft:arrow":160,"minecraft:emerald":110,"minecraft:diamond_axe":1,"minecraft:crafting_table":7,"minecraft:spruce_planks":652,"minecraft:wooden_pickaxe":1,"minecraft:smithing_table":1,"minecraft:fletching_table":1,"minecraft:bucket":1,"minecraft:birch_planks":28,"minecraft:stone_axe":3,"minecraft:enchanted_book":1,"minecraft:air":0,"minecraft:oak_boat":1,"minecraft:book":1,"minecraft:shield":1,"minecraft:stick":3483,"minecraft:flint":10,"minecraft:iron_ingot":10,"minecraft:iron_pickaxe":1,"minecraft:iron_leggings":1,"minecraft:white_bed":2},"minecraft:used":{"minecraft:flint_and_steel":40,"minecraft:stone_shovel":107,"minecraft:redstone":1,"minecraft:poppy":1,"minecraft:spruce_planks":11,"minecraft:chest":2,"minecraft:shield":5,"minecraft:dirt":109,"minecraft:carrot":1,"minecraft:milk_bucket":1,"minecraft:lava_bucket":1,"minecraft:iron_axe":17,"minecraft:bow":9,"minecraft:oak_sapling":1,"minecraft:furnace":2,"minecraft:potato":14,"minecraft:cooked_beef":11,"minecraft:cobbled_deepslate":1,"minecraft:cooked_mutton":12,"minecraft:water_bucket":3,"minecraft:spruce_door":1,"minecraft:stone_pickaxe":85,"minecraft:oak_planks":17,"minecraft:wooden_pickaxe":22,"minecraft:fletching_table":1,"minecraft:diamond_axe":609,"minecraft:cobblestone_slab":4,"minecraft:mossy_cobblestone":1,"minecraft:crafting_table":12,"minecraft:white_bed":3,"minecraft:apple":1,"minecraft:bread":11,"minecraft:iron_pickaxe":50,"minecraft:lectern":9,"minecraft:spruce_trapdoor":4,"minecraft:spruce_sapling":1,"minecraft:gravel":46,"minecraft:stone_axe":168,"minecraft:cobblestone":62,"minecraft:grindstone":8,"minecraft:cooked_porkchop":7,"minecraft:dark_oak_fence":1,"minecraft:smithing_table":16,"minecraft:bucket":5,"minecraft:yellow_bed":2,"minecraft:oak_boat":1},"minecraft:mined":{"minecraft:spruce_planks":4,"minecraft:white_bed":1,"minecraft:mossy_cobblestone":2,"minecraft:spruce_trapdoor":5,"minecraft:dark_oak_fence":14,"minecraft:grass_block":100,"minecraft:spruce_leaves":27,"minecraft:composter":4,"minecraft:large_fern":9,"minecraft:furnace":7,"minecraft:carrots":2,"minecraft:iron_ore":2,"minecraft:cobbled_deepslate":1,"minecraft:fire":15,"minecraft:fletching_table":4,"minecraft:bell":1,"minecraft:bookshelf":12,"minecraft:cobblestone_slab":2,"minecraft:stone":88,"minecraft:smithing_table":15,"minecraft:glass_pane":1,"minecraft:spruce_door":1,"minecraft:crafting_table":5,"minecraft:chest":2,"minecraft:lectern":11,"minecraft:tall_grass":8,"minecraft:cobblestone":26,"minecraft:sugar_cane":2,"minecraft:grindstone":10,"minecraft:oak_planks":2,"minecraft:purple_bed":1,"minecraft:birch_log":7,"minecraft:spruce_log":178,"minecraft:yellow_bed":3,"minecraft:grass":38,"minecraft:oak_log":326,"minecraft:gravel":63,"minecraft:dirt":27,"minecraft:stonecutter":1,"minecraft:oak_leaves":57,"minecraft:fern":3}},"DataVersion":3465}