{"stats":{"minecraft:crafted":{"minecraft:oak_planks":256,"minecraft:stone_shovel":1,"minecraft:cobblestone_slab":6,"minecraft:furnace":2,"minecraft:cooked_mutton":9,"minecraft:flint_and_steel":1,"minecraft:bow":1,"minecraft:iron_boots":1,"minecraft:stone_pickaxe":17,"minecraft:chest":2,"minecraft:cooked_beef":5,"minecraft:emerald":46,"minecraft:diamond_axe":1,"minecraft:crafting_table":6,"minecraft:spruce_planks":652,"minecraft:wooden_pickaxe":1,"minecraft:smithing_table":1,"minecraft:fletching_table":1,"minecraft:bucket":1,"minecraft:birch_planks":28,"minecraft:stone_axe":3,"minecraft:enchanted_book":1,"minecraft:air":0,"minecraft:book":1,"minecraft:shield":1,"minecraft:stick":1653,"minecraft:iron_ingot":2,"minecraft:iron_pickaxe":1,"minecraft:iron_leggings":1,"minecraft:white_bed":2},"minecraft:dropped":{"minecraft:enchanted_book":1,"minecraft:porkchop":1,"minecraft:wheat_seeds":8,"minecraft:mossy_cobblestone":1,"minecraft:cobblestone":1,"minecraft:book":7,"minecraft:leather":1,"minecraft:granite":1,"minecraft:stick":1,"minecraft:dirt":6,"minecraft:blue_dye":2,"minecraft:pumpkin_pie":1,"minecraft:paper":1,"minecraft:string":2,"minecraft:white_wool":2,"minecraft:spruce_sapling":1,"minecraft:gravel":2,"minecraft:composter":3,"minecraft:stone_shovel":1,"minecraft:rotten_flesh":24,"minecraft:oak_planks":9,"minecraft:cobblestone_slab":4,"minecraft:spruce_trapdoor":1,"minecraft:spruce_planks":1,"minecraft:purple_bed":1,"minecraft:stone_pickaxe":2,"minecraft:wooden_pickaxe":3},"minecraft:picked_up":{"minecraft:crafting_table":5,"minecraft:smithing_table":15,"minecraft:wooden_pickaxe":2,"minecraft:string":2,"minecraft:cobbled_deepslate":25,"minecraft:spruce_planks":52,"minecraft:beef":5,"minecraft:cobblestone_slab":2,"minecraft:lectern":11,"minecraft:sugar_cane":4,"minecraft:spruce_trapdoor":5,"minecraft:furnace":4,"minecraft:raw_iron":10,"minecraft:stick":3,"minecraft:composter":3,"minecraft:porkchop":1,"minecraft:redstone":1,"minecraft:arrow":4,"minecraft:rotten_flesh":24,"minecraft:blue_dye":3,"minecraft:mutton":9,"minecraft:white_wool":8,"minecraft:cobblestone":101,"minecraft:birch_log":7,"minecraft:cooked_beef":3,"minecraft:leather":4,"minecraft:flint":3,"minecraft:oak_log":64,"minecraft:dirt":115,"minecraft:cooked_mutton":2,"minecraft:bone":2,"minecraft:wheat_seeds":8,"minecraft:grindstone":2,"minecraft:iron_ingot":18,"minecraft:book":39,"minecraft:cooked_porkchop":7,"minecraft:gravel":48,"minecraft:spruce_sapling":5,"minecraft:spruce_log":167,"minecraft:white_bed":1,"minecraft:spruce_door":1,"minecraft:mossy_cobblestone":2,"minecraft:purple_bed":1,"minecraft:diamond":3,"minecraft:granite":1,"minecraft:emerald":7,"minecraft:oak_sapling":2},"minecraft:used":{"minecraft:flint_and_steel":19,"minecraft:stone_shovel":107,"minecraft:redstone":1,"minecraft:spruce_planks":11,"minecraft:chest":2,"minecraft:shield":5,"minecraft:dirt":109,"minecraft:milk_bucket":1,"minecraft:lava_bucket":1,"minecraft:bow":4,"minecraft:oak_sapling":1,"minecraft:furnace":2,"minecraft:cobbled_deepslate":1,"minecraft:cooked_mutton":10,"minecraft:water_bucket":1,"minecraft:spruce_door":1,"minecraft:stone_pickaxe":85,"minecraft:oak_planks":16,"minecraft:wooden_pickaxe":22,"minecraft:diamond_axe":257,"minecraft:fletching_table":1,"minecraft:cobblestone_slab":4,"minecraft:mossy_cobblestone":1,"minecraft:crafting_table":11,"minecraft:white_bed":3,"minecraft:bread":11,"minecraft:iron_pickaxe":30,"minecraft:lectern":9,"minecraft:spruce_trapdoor":4,"minecraft:spruce_sapling":1,"minecraft:gravel":46,"minecraft:stone_axe":168,"minecraft:cobblestone":40,"minecraft:cooked_porkchop":6,"minecraft:smithing_table":16,"minecraft:bucket":3},"minecraft:custom":{"minecraft:mob_kills":27,"minecraft:interact_with_crafting_table":24,"minecraft:leave_game":3,"minecraft:time_since_death":114551,"minecraft:climb_one_cm":977,"minecraft:sprint_one_cm":322734,"minecraft:walk_one_cm":178205,"minecraft:damage_blocked_by_shield":300,"minecraft:drop":55,"minecraft:talked_to_villager":104,"minecraft:play_time":116319,"minecraft:deaths":1,"minecraft:sneak_time":1245,"minecraft:walk_under_water_one_cm":2199,"minecraft:boat_one_cm":99793,"minecraft:jump":2217,"minecraft:walk_on_water_one_cm":7474,"minecraft:total_world_time":116319,"minecraft:interact_with_furnace":18,"minecraft:traded_with_villager":63,"minecraft:sleep_in_bed":4,"minecraft:time_since_rest":36334,"minecraft:damage_taken":1174,"minecraft:damage_dealt":4110,"minecraft:swim_one_cm":52209,"minecraft:fly_one_cm":553129,"minecraft:open_chest":19,"minecraft:crouch_one_cm":2385,"minecraft:fall_one_cm":48584},"minecraft:broken":{"minecraft:stone_axe":1},"minecraft:mined":{"minecraft:spruce_planks":4,"minecraft:white_bed":1,"minecraft:mossy_cobblestone":2,"minecraft:spruce_trapdoor":5,"minecraft:grass_block":100,"minecraft:spruce_leaves":27,"minecraft:composter":4,"minecraft:large_fern":9,"minecraft:furnace":5,"minecraft:cobbled_deepslate":1,"minecraft:iron_ore":2,"minecraft:fire":9,"minecraft:bookshelf":12,"minecraft:cobblestone_slab":2,"minecraft:stone":88,"minecraft:smithing_table":15,"minecraft:glass_pane":1,"minecraft:spruce_door":1,"minecraft:crafting_table":5,"minecraft:chest":2,"minecraft:lectern":11,"minecraft:cobblestone":17,"minecraft:tall_grass":5,"minecraft:grindstone":3,"minecraft:oak_planks":2,"minecraft:sugar_cane":2,"minecraft:purple_bed":1,"minecraft:birch_log":7,"minecraft:spruce_log":178,"minecraft:grass":19,"minecraft:oak_log":65,"minecraft:dirt":26,"minecraft:gravel":51,"minecraft:stonecutter":1,"minecraft:oak_leaves":6,"minecraft:fern":3},"minecraft:killed":{"minecraft:spider":1,"minecraft:skeleton":3,"minecraft:pig":4,"minecraft:iron_golem":1,"minecraft:sheep":8,"minecraft:zombie":4,"minecraft:cow":6}},"DataVersion":3465}