{"stats":{"minecraft:dropped":{"minecraft:jungle_log":9},"minecraft:mined":{"minecraft:jungle_leaves":1,"minecraft:grass":8,"minecraft:grass_block":2,"minecraft:oak_log":2,"minecraft:vine":1,"minecraft:jungle_log":10,"minecraft:oak_leaves":2,"minecraft:fern":4},"minecraft:used":{"minecraft:wooden_axe":7,"minecraft:wooden_pickaxe":3,"minecraft:diamond_chestplate":1,"minecraft:wooden_sword":9,"minecraft:crafting_table":3,"minecraft:diamond_helmet":1},"minecraft:picked_up":{"minecraft:jungle_log":19,"minecraft:oak_log":4,"minecraft:dirt":1,"minecraft:wheat_seeds":6,"minecraft:melon_slice":8,"minecraft:oak_planks":8},"minecraft:crafted":{"minecraft:wooden_sword":1,"minecraft:oak_planks":8,"minecraft:diamond_helmet":11,"minecraft:crafting_table":3,"minecraft:stick":8,"minecraft:wooden_pickaxe":1,"minecraft:wooden_axe":1,"minecraft:diamond_chestplate":1,"minecraft:jungle_planks":40},"minecraft:custom":{"minecraft:time_since_rest":4531,"minecraft:sprint_one_cm":18260,"minecraft:damage_taken":865,"minecraft:walk_one_cm":10397,"minecraft:drop":1,"minecraft:damage_dealt":1120,"minecraft:interact_with_crafting_table":4,"minecraft:player_kills":4,"minecraft:fly_one_cm":24488,"minecraft:crouch_one_cm":2514,"minecraft:play_time":10738,"minecraft:deaths":4,"minecraft:sneak_time":1400,"minecraft:jump":294,"minecraft:leave_game":2,"minecraft:time_since_death":4500,"minecraft:total_world_time":10738,"minecraft:climb_one_cm":5203,"minecraft:fall_one_cm":14822},"minecraft:killed_by":{"minecraft:player":2}},"DataVersion":3465}