{"stats":{"minecraft:mined":{"minecraft:jungle_log":7,"minecraft:jungle_leaves":20,"minecraft:sugar_cane":3,"minecraft:oak_leaves":11},"minecraft:killed_by":{"minecraft:player":1},"minecraft:picked_up":{"minecraft:stick":1,"minecraft:jungle_log":7,"minecraft:jungle_sapling":1,"minecraft:oak_sapling":1,"minecraft:sugar_cane":5},"minecraft:custom":{"minecraft:time_since_rest":1714,"minecraft:crouch_one_cm":787,"minecraft:play_time":8644,"minecraft:sprint_one_cm":24158,"minecraft:walk_one_cm":9198,"minecraft:damage_taken":245,"minecraft:deaths":1,"minecraft:sneak_time":325,"minecraft:jump":218,"minecraft:damage_dealt":86,"minecraft:leave_game":2,"minecraft:time_since_death":1550,"minecraft:walk_on_water_one_cm":714,"minecraft:climb_one_cm":1402,"minecraft:total_world_time":8644,"minecraft:fall_one_cm":6613,"minecraft:fly_one_cm":29290}},"DataVersion":3465}