{"stats":{"minecraft:crafted":{"minecraft:oak_planks":84,"minecraft:stone_shovel":1,"minecraft:furnace":8,"minecraft:cooked_mutton":9,"minecraft:diamond_helmet":1,"minecraft:diamond_leggings":1,"minecraft:iron_boots":1,"minecraft:stone_pickaxe":1,"minecraft:chest":2,"minecraft:diamond_boots":1,"minecraft:spruce_boat":1,"minecraft:cooked_beef":19,"minecraft:cooked_porkchop":6,"minecraft:diamond_axe":1,"minecraft:crafting_table":6,"minecraft:spruce_planks":28,"minecraft:wooden_pickaxe":1,"minecraft:iron_helmet":1,"minecraft:fletching_table":1,"minecraft:bucket":1,"minecraft:stone_axe":1,"minecraft:bread":5,"minecraft:air":0,"minecraft:oak_boat":1,"minecraft:iron_chestplate":1,"minecraft:diamond_pickaxe":1,"minecraft:shield":1,"minecraft:stick":17,"minecraft:iron_ingot":31,"minecraft:iron_pickaxe":1,"minecraft:stone_sword":1,"minecraft:iron_leggings":1,"minecraft:white_bed":1,"minecraft:torch":12,"minecraft:diamond_chestplate":1},"minecraft:dropped":{"minecraft:iron_ingot":5,"minecraft:moss_block":8,"minecraft:wheat_seeds":14,"minecraft:oak_log":9,"minecraft:diamond":10,"minecraft:crafting_table":1,"minecraft:cooked_porkchop":2,"minecraft:iron_helmet":2,"minecraft:granite":16,"minecraft:stick":4,"minecraft:dirt":26,"minecraft:diorite":2,"minecraft:brown_wool":1,"minecraft:iron_leggings":2,"minecraft:sand":2,"minecraft:iron_pickaxe":1,"minecraft:paper":3,"minecraft:spruce_sapling":3,"minecraft:gravel":48,"minecraft:stone_sword":1,"minecraft:cobbled_deepslate":26,"minecraft:pointed_dripstone":8,"minecraft:rotten_flesh":17,"minecraft:oak_planks":4,"minecraft:iron_boots":1,"minecraft:iron_chestplate":2,"minecraft:andesite":2,"minecraft:oak_sapling":1,"minecraft:spider_eye":3,"minecraft:wooden_pickaxe":2},"minecraft:picked_up":{"minecraft:charcoal":2,"minecraft:iron_chestplate":2,"minecraft:crafting_table":6,"minecraft:wheat":39,"minecraft:suspicious_stew":3,"minecraft:smithing_table":1,"minecraft:wooden_pickaxe":4,"minecraft:enchanted_book":1,"minecraft:shield":1,"minecraft:string":11,"minecraft:iron_leggings":2,"minecraft:cobbled_deepslate":158,"minecraft:spruce_planks":14,"minecraft:beef":23,"minecraft:oak_boat":2,"minecraft:iron_pickaxe":1,"minecraft:spruce_trapdoor":2,"minecraft:iron_boots":1,"minecraft:furnace":10,"minecraft:raw_iron":54,"minecraft:stick":18,"minecraft:torch":26,"minecraft:porkchop":10,"minecraft:pointed_dripstone":8,"minecraft:diorite":4,"minecraft:stone_sword":3,"minecraft:arrow":13,"minecraft:rotten_flesh":102,"minecraft:obsidian":8,"minecraft:mutton":21,"minecraft:white_wool":5,"minecraft:cobblestone":217,"minecraft:water_bucket":1,"minecraft:andesite":2,"minecraft:leather":14,"minecraft:brown_wool":5,"minecraft:potato":17,"minecraft:flint":7,"minecraft:oak_log":291,"minecraft:gunpowder":2,"minecraft:cobblestone_wall":18,"minecraft:paper":9,"minecraft:lapis_lazuli":58,"minecraft:dirt":98,"minecraft:cooked_mutton":5,"minecraft:bone":12,"minecraft:kelp":64,"minecraft:wheat_seeds":17,"minecraft:iron_ingot":5,"minecraft:stone_pickaxe":3,"minecraft:fletching_table":1,"minecraft:bamboo":6,"minecraft:moss_block":16,"minecraft:oak_planks":26,"minecraft:book":4,"minecraft:cooked_porkchop":2,"minecraft:gravel":49,"minecraft:sand":9,"minecraft:spruce_sapling":6,"minecraft:white_bed":1,"minecraft:spruce_log":20,"minecraft:spider_eye":3,"minecraft:spruce_boat":3,"minecraft:diamond":44,"minecraft:stone_axe":3,"minecraft:iron_helmet":2,"minecraft:granite":17,"minecraft:bread":2,"minecraft:oak_sapling":1,"minecraft:black_wool":3,"minecraft:coal":33},"minecraft:killed_by":{"minecraft:creeper":1,"minecraft:skeleton":2},"minecraft:custom":{"minecraft:mob_kills":53,"minecraft:interact_with_crafting_table":29,"minecraft:leave_game":2,"minecraft:time_since_death":91418,"minecraft:sprint_one_cm":338955,"minecraft:walk_one_cm":210276,"minecraft:damage_blocked_by_shield":3330,"minecraft:drop":60,"minecraft:talked_to_villager":1,"minecraft:play_time":126470,"minecraft:deaths":3,"minecraft:sneak_time":3363,"minecraft:walk_under_water_one_cm":25618,"minecraft:boat_one_cm":234288,"minecraft:jump":2977,"minecraft:walk_on_water_one_cm":39178,"minecraft:total_world_time":126470,"minecraft:interact_with_furnace":63,"minecraft:sleep_in_bed":5,"minecraft:time_since_rest":40152,"minecraft:damage_taken":2170,"minecraft:damage_dealt":8315,"minecraft:swim_one_cm":37368,"minecraft:fly_one_cm":586809,"minecraft:open_chest":6,"minecraft:crouch_one_cm":9505,"minecraft:fall_one_cm":68619},"minecraft:used":{"minecraft:stone_sword":100,"minecraft:stone_shovel":55,"minecraft:spruce_planks":30,"minecraft:chest":2,"minecraft:shield":45,"minecraft:rotten_flesh":28,"minecraft:iron_chestplate":1,"minecraft:torch":24,"minecraft:dirt":54,"minecraft:diamond_helmet":1,"minecraft:granite":1,"minecraft:spruce_boat":3,"minecraft:iron_helmet":1,"minecraft:iron_boots":1,"minecraft:diamond_chestplate":1,"minecraft:furnace":10,"minecraft:cooked_beef":4,"minecraft:iron_leggings":1,"minecraft:cooked_mutton":9,"minecraft:water_bucket":4,"minecraft:diamond_boots":1,"minecraft:stone_pickaxe":131,"minecraft:oak_planks":3,"minecraft:wooden_pickaxe":3,"minecraft:fletching_table":1,"minecraft:diamond_axe":73,"minecraft:crafting_table":9,"minecraft:white_bed":2,"minecraft:diamond_pickaxe":326,"minecraft:bread":5,"minecraft:brown_wool":1,"minecraft:iron_pickaxe":205,"minecraft:stone_axe":110,"minecraft:cobblestone":7,"minecraft:cooked_porkchop":3,"minecraft:bucket":5,"minecraft:oak_boat":2,"minecraft:diamond_leggings":1},"minecraft:broken":{"minecraft:stone_pickaxe":1,"minecraft:shield":1,"minecraft:stone_axe":1},"minecraft:mined":{"minecraft:diamond_ore":2,"minecraft:spruce_planks":14,"minecraft:white_bed":1,"minecraft:farmland":17,"minecraft:deepslate_diamond_ore":37,"minecraft:cobblestone_stairs":1,"minecraft:obsidian":9,"minecraft:spruce_trapdoor":11,"minecraft:granite":16,"minecraft:grass_block":17,"minecraft:spruce_leaves":2,"minecraft:kelp":1,"minecraft:large_fern":5,"minecraft:furnace":7,"minecraft:iron_ore":33,"minecraft:andesite":26,"minecraft:pumpkin":5,"minecraft:fletching_table":1,"minecraft:deepslate_lapis_ore":5,"minecraft:dirt_path":11,"minecraft:deepslate_iron_ore":14,"minecraft:stone":225,"minecraft:smithing_table":1,"minecraft:kelp_plant":3,"minecraft:crafting_table":3,"minecraft:torch":16,"minecraft:tall_grass":1,"minecraft:cobblestone":7,"minecraft:diorite":16,"minecraft:wall_torch":4,"minecraft:cobblestone_wall":18,"minecraft:wheat":1,"minecraft:spruce_log":20,"minecraft:birch_leaves":2,"minecraft:grass":19,"minecraft:coal_ore":15,"minecraft:oak_log":75,"minecraft:dirt":36,"minecraft:dripstone_block":1,"minecraft:gravel":27,"minecraft:sand":3,"minecraft:fern":3,"minecraft:oak_leaves":8,"minecraft:deepslate":182},"minecraft:killed":{"minecraft:spider":4,"minecraft:horse":5,"minecraft:skeleton":11,"minecraft:pig":3,"minecraft:creeper":1,"minecraft:sheep":7,"minecraft:zombie":12,"minecraft:cow":9}},"DataVersion":3465}