{"stats":{"minecraft:killed":{"minecraft:spider":6,"minecraft:horse":5,"minecraft:skeleton":15,"minecraft:chicken":1,"minecraft:drowned":1,"minecraft:pig":3,"minecraft:zombie_villager":2,"minecraft:creeper":2,"minecraft:sheep":26,"minecraft:pillager":5,"minecraft:zombie":18,"minecraft:villager":3,"minecraft:cow":13},"minecraft:dropped":{"minecraft:iron_ingot":5,"minecraft:moss_block":8,"minecraft:wheat_seeds":16,"minecraft:cooked_beef":2,"minecraft:oak_log":9,"minecraft:diamond":10,"minecraft:crafting_table":1,"minecraft:cooked_porkchop":2,"minecraft:iron_helmet":2,"minecraft:granite":16,"minecraft:stick":14,"minecraft:dirt":34,"minecraft:blue_dye":3,"minecraft:dark_oak_log":1,"minecraft:diorite":2,"minecraft:brown_wool":1,"minecraft:iron_leggings":2,"minecraft:iron_axe":1,"minecraft:sand":2,"minecraft:iron_pickaxe":1,"minecraft:paper":5,"minecraft:string":1,"minecraft:spruce_sapling":3,"minecraft:gravel":48,"minecraft:stone_axe":1,"minecraft:stone_sword":1,"minecraft:cobbled_deepslate":26,"minecraft:pointed_dripstone":8,"minecraft:obsidian":1,"minecraft:rotten_flesh":22,"minecraft:oak_planks":6,"minecraft:iron_boots":1,"minecraft:cooked_mutton":5,"minecraft:gunpowder":4,"minecraft:spruce_planks":1,"minecraft:iron_chestplate":2,"minecraft:andesite":2,"minecraft:oak_sapling":3,"minecraft:spider_eye":3,"minecraft:diamond_boots":1,"minecraft:bow":2,"minecraft:wooden_pickaxe":2,"minecraft:stone_pickaxe":3},"minecraft:picked_up":{"minecraft:charcoal":2,"minecraft:iron_chestplate":2,"minecraft:crafting_table":7,"minecraft:wheat":39,"minecraft:suspicious_stew":3,"minecraft:smithing_table":1,"minecraft:wooden_pickaxe":4,"minecraft:oak_stairs":3,"minecraft:enchanted_book":1,"minecraft:shield":1,"minecraft:cornflower":2,"minecraft:string":12,"minecraft:flint_and_steel":1,"minecraft:iron_leggings":2,"minecraft:cobbled_deepslate":158,"minecraft:spruce_planks":14,"minecraft:beef":25,"minecraft:oak_boat":9,"minecraft:iron_pickaxe":1,"minecraft:sugar_cane":5,"minecraft:chest":1,"minecraft:birch_sapling":2,"minecraft:spruce_trapdoor":2,"minecraft:iron_boots":1,"minecraft:furnace":11,"minecraft:stick":34,"minecraft:raw_iron":54,"minecraft:oak_door":1,"minecraft:torch":28,"minecraft:porkchop":10,"minecraft:cherry_log":23,"minecraft:pointed_dripstone":8,"minecraft:diorite":4,"minecraft:carrot":3,"minecraft:stone_sword":3,"minecraft:arrow":50,"minecraft:rotten_flesh":115,"minecraft:hay_block":67,"minecraft:blue_dye":3,"minecraft:white_terracotta":31,"minecraft:mutton":35,"minecraft:obsidian":13,"minecraft:white_wool":69,"minecraft:cobblestone":230,"minecraft:birch_log":102,"minecraft:stripped_oak_log":20,"minecraft:pink_petals":5,"minecraft:cooked_beef":3,"minecraft:cherry_leaves":20,"minecraft:water_bucket":1,"minecraft:andesite":2,"minecraft:brown_wool":5,"minecraft:leather":21,"minecraft:potato":20,"minecraft:flint":7,"minecraft:oak_log":449,"minecraft:yellow_bed":1,"minecraft:cobblestone_wall":18,"minecraft:gunpowder":6,"minecraft:lapis_lazuli":58,"minecraft:dirt":187,"minecraft:paper":9,"minecraft:cooked_mutton":21,"minecraft:bone":16,"minecraft:apple":1,"minecraft:kelp":64,"minecraft:bow":1,"minecraft:wheat_seeds":21,"minecraft:iron_ingot":10,"minecraft:grindstone":1,"minecraft:stone_pickaxe":6,"minecraft:cooked_chicken":1,"minecraft:fletching_table":5,"minecraft:bamboo":6,"minecraft:moss_block":16,"minecraft:oak_planks":115,"minecraft:book":4,"minecraft:cooked_porkchop":2,"minecraft:gravel":49,"minecraft:sand":9,"minecraft:spruce_sapling":6,"minecraft:white_bed":1,"minecraft:spruce_log":20,"minecraft:spider_eye":4,"minecraft:mossy_cobblestone":3,"minecraft:diamond":44,"minecraft:spruce_boat":3,"minecraft:stone_axe":4,"minecraft:iron_helmet":2,"minecraft:granite":17,"minecraft:cherry_sapling":3,"minecraft:emerald":1,"minecraft:bread":2,"minecraft:oak_sapling":26,"minecraft:black_wool":3,"minecraft:coal":33},"minecraft:custom":{"minecraft:mob_kills":109,"minecraft:interact_with_crafting_table":45,"minecraft:leave_game":9,"minecraft:time_since_death":278606,"minecraft:climb_one_cm":2512,"minecraft:sprint_one_cm":821593,"minecraft:walk_one_cm":453231,"minecraft:damage_blocked_by_shield":3330,"minecraft:drop":94,"minecraft:talked_to_villager":95,"minecraft:play_time":313658,"minecraft:deaths":3,"minecraft:sneak_time":6995,"minecraft:walk_under_water_one_cm":29226,"minecraft:boat_one_cm":1370950,"minecraft:jump":6805,"minecraft:interact_with_blast_furnace":3,"minecraft:walk_on_water_one_cm":59126,"minecraft:total_world_time":313658,"minecraft:interact_with_furnace":67,"minecraft:traded_with_villager":80,"minecraft:sleep_in_bed":10,"minecraft:time_since_rest":12969,"minecraft:damage_taken":3098,"minecraft:damage_dealt":15330,"minecraft:swim_one_cm":55917,"minecraft:fly_one_cm":1420381,"minecraft:open_chest":25,"minecraft:crouch_one_cm":24967,"minecraft:fall_one_cm":164967,"minecraft:horse_one_cm":2340},"minecraft:broken":{"minecraft:stone_pickaxe":1,"minecraft:shield":1,"minecraft:stone_axe":1,"minecraft:wooden_hoe":1},"minecraft:crafted":{"minecraft:cherry_planks":16,"minecraft:oak_planks":916,"minecraft:stone_shovel":1,"minecraft:furnace":8,"minecraft:cooked_mutton":9,"minecraft:diamond_helmet":1,"minecraft:bow":3,"minecraft:diamond_leggings":1,"minecraft:iron_boots":1,"minecraft:iron_axe":1,"minecraft:stone_pickaxe":1,"minecraft:chest":4,"minecraft:diamond_boots":2,"minecraft:spruce_boat":1,"minecraft:dark_oak_planks":4,"minecraft:wheat":27,"minecraft:cooked_beef":19,"minecraft:emerald":75,"minecraft:cooked_porkchop":6,"minecraft:diamond_axe":1,"minecraft:crafting_table":8,"minecraft:spruce_planks":80,"minecraft:wooden_pickaxe":1,"minecraft:iron_helmet":1,"minecraft:fletching_table":1,"minecraft:birch_planks":408,"minecraft:bucket":1,"minecraft:stone_axe":1,"minecraft:bread":17,"minecraft:air":0,"minecraft:oak_boat":2,"minecraft:wooden_hoe":1,"minecraft:iron_chestplate":1,"minecraft:diamond_pickaxe":1,"minecraft:shield":2,"minecraft:stick":2577,"minecraft:iron_ingot":31,"minecraft:iron_pickaxe":1,"minecraft:stone_sword":1,"minecraft:iron_leggings":1,"minecraft:white_bed":1,"minecraft:torch":12,"minecraft:shears":1,"minecraft:diamond_chestplate":1},"minecraft:used":{"minecraft:stone_sword":100,"minecraft:flint_and_steel":34,"minecraft:stone_shovel":60,"minecraft:chest":5,"minecraft:spruce_planks":33,"minecraft:shield":45,"minecraft:cooked_chicken":1,"minecraft:rotten_flesh":28,"minecraft:iron_chestplate":1,"minecraft:torch":25,"minecraft:dirt":133,"minecraft:diamond_helmet":1,"minecraft:granite":1,"minecraft:spruce_boat":3,"minecraft:iron_helmet":1,"minecraft:iron_boots":1,"minecraft:diamond_chestplate":1,"minecraft:bow":2,"minecraft:furnace":17,"minecraft:potato":4,"minecraft:cooked_beef":17,"minecraft:iron_leggings":1,"minecraft:cooked_mutton":16,"minecraft:water_bucket":6,"minecraft:diamond_boots":1,"minecraft:stone_pickaxe":131,"minecraft:oak_planks":17,"minecraft:wooden_pickaxe":3,"minecraft:fletching_table":6,"minecraft:diamond_axe":727,"minecraft:mossy_cobblestone":1,"minecraft:crafting_table":12,"minecraft:white_bed":2,"minecraft:shears":60,"minecraft:wooden_hoe":61,"minecraft:diamond_pickaxe":382,"minecraft:apple":1,"minecraft:bread":11,"minecraft:brown_wool":1,"minecraft:iron_pickaxe":205,"minecraft:stone_axe":110,"minecraft:cobblestone":10,"minecraft:cooked_porkchop":3,"minecraft:bucket":7,"minecraft:oak_boat":10,"minecraft:stripped_oak_log":3,"minecraft:diamond_leggings":1},"minecraft:mined":{"minecraft:diamond_ore":2,"minecraft:spruce_planks":14,"minecraft:white_bed":1,"minecraft:farmland":17,"minecraft:mossy_cobblestone":3,"minecraft:deepslate_diamond_ore":37,"minecraft:oak_door":1,"minecraft:cherry_log":23,"minecraft:cobblestone_stairs":1,"minecraft:obsidian":14,"minecraft:spruce_trapdoor":11,"minecraft:granite":16,"minecraft:grass_block":26,"minecraft:spruce_leaves":3,"minecraft:kelp":1,"minecraft:hay_block":67,"minecraft:large_fern":5,"minecraft:furnace":8,"minecraft:carrots":1,"minecraft:iron_ore":33,"minecraft:fire":14,"minecraft:andesite":26,"minecraft:pumpkin":5,"minecraft:deepslate_lapis_ore":5,"minecraft:fletching_table":5,"minecraft:oak_stairs":3,"minecraft:dirt_path":11,"minecraft:deepslate_iron_ore":14,"minecraft:stripped_oak_log":20,"minecraft:stone":225,"minecraft:white_wool":40,"minecraft:smithing_table":1,"minecraft:glass_pane":3,"minecraft:kelp_plant":3,"minecraft:cornflower":2,"minecraft:torch":16,"minecraft:crafting_table":4,"minecraft:poppy":1,"minecraft:chest":1,"minecraft:cobblestone":20,"minecraft:tall_grass":9,"minecraft:sugar_cane":3,"minecraft:oak_planks":89,"minecraft:diorite":16,"minecraft:wall_torch":4,"minecraft:pink_petals":2,"minecraft:white_terracotta":31,"minecraft:cobblestone_wall":18,"minecraft:birch_log":102,"minecraft:wheat":1,"minecraft:spruce_log":20,"minecraft:birch_leaves":8,"minecraft:yellow_bed":1,"minecraft:grass":77,"minecraft:oak_log":231,"minecraft:coal_ore":15,"minecraft:cherry_leaves":35,"minecraft:sand":3,"minecraft:gravel":27,"minecraft:dripstone_block":1,"minecraft:dirt":42,"minecraft:oak_leaves":76,"minecraft:fern":3,"minecraft:deepslate":182},"minecraft:killed_by":{"minecraft:creeper":1,"minecraft:skeleton":2}},"DataVersion":3465}