{"stats":{"minecraft:crafted":{"minecraft:oak_planks":3544,"minecraft:furnace":2,"minecraft:yellow_bed":1,"minecraft:oak_trapdoor":4,"minecraft:bow":1,"minecraft:iron_axe":4,"minecraft:stone_pickaxe":2,"minecraft:chest":3,"minecraft:diamond_boots":1,"minecraft:stone_hoe":13,"minecraft:chainmail_leggings":26,"minecraft:cooked_beef":9,"minecraft:emerald":170,"minecraft:cooked_porkchop":10,"minecraft:crafting_table":7,"minecraft:wooden_pickaxe":2,"minecraft:iron_helmet":16,"minecraft:smithing_table":1,"minecraft:fletching_table":3,"minecraft:bucket":1,"minecraft:birch_planks":708,"minecraft:stone_axe":10,"minecraft:air":0,"minecraft:iron_chestplate":4,"minecraft:shield":1,"minecraft:stick":7713,"minecraft:iron_pickaxe":1,"minecraft:iron_leggings":1,"minecraft:white_bed":1},"minecraft:dropped":{"minecraft:stone_hoe":7,"minecraft:oak_slab":6,"minecraft:oak_log":1,"minecraft:oak_fence":10,"minecraft:iron_helmet":2,"minecraft:cobblestone":7,"minecraft:apple":1,"minecraft:oxeye_daisy":2,"minecraft:iron_axe":2,"minecraft:chainmail_leggings":3,"minecraft:string":2,"minecraft:dandelion":1,"minecraft:bone":1,"minecraft:composter":1,"minecraft:rotten_flesh":6,"minecraft:iron_boots":3,"minecraft:oak_planks":4,"minecraft:poppy":11,"minecraft:arrow":1},"minecraft:picked_up":{"minecraft:crafting_table":4,"minecraft:ladder":2,"minecraft:yellow_wool":3,"minecraft:brewing_stand":1,"minecraft:oak_trapdoor":2,"minecraft:string":4,"minecraft:iron_axe":1,"minecraft:beef":9,"minecraft:poppy":12,"minecraft:iron_boots":3,"minecraft:furnace":3,"minecraft:raw_iron":8,"minecraft:stick":15,"minecraft:sandstone":1,"minecraft:oak_door":2,"minecraft:composter":1,"minecraft:oak_fence":11,"minecraft:torch":9,"minecraft:porkchop":11,"minecraft:carrot":9,"minecraft:arrow":4,"minecraft:rotten_flesh":9,"minecraft:mutton":1,"minecraft:white_wool":5,"minecraft:cobblestone":64,"minecraft:oxeye_daisy":2,"minecraft:birch_log":177,"minecraft:andesite":1,"minecraft:leather":6,"minecraft:potato":3,"minecraft:flint":6,"minecraft:oak_log":887,"minecraft:yellow_bed":5,"minecraft:cobblestone_stairs":1,"minecraft:dirt":66,"minecraft:bone":1,"minecraft:apple":5,"minecraft:wheat_seeds":17,"minecraft:grindstone":2,"minecraft:bell":1,"minecraft:iron_ingot":33,"minecraft:fletching_table":1,"minecraft:oak_planks":38,"minecraft:oak_slab":16,"minecraft:dandelion":1,"minecraft:gravel":49,"minecraft:blast_furnace":1,"minecraft:white_bed":6,"minecraft:iron_helmet":2,"minecraft:oak_sapling":19,"minecraft:coal":19},"minecraft:killed_by":{"minecraft:skeleton":1},"minecraft:used":{"minecraft:oak_trapdoor":6,"minecraft:oak_fence":1,"minecraft:chest":2,"minecraft:shield":18,"minecraft:bell":1,"minecraft:stone_hoe":19,"minecraft:rotten_flesh":3,"minecraft:dirt":39,"minecraft:carrot":9,"minecraft:lava_bucket":1,"minecraft:iron_axe":713,"minecraft:iron_helmet":1,"minecraft:iron_boots":1,"minecraft:oak_sapling":6,"minecraft:furnace":4,"minecraft:cooked_beef":8,"minecraft:water_bucket":9,"minecraft:diamond_boots":1,"minecraft:stone_pickaxe":56,"minecraft:oak_planks":277,"minecraft:wooden_pickaxe":16,"minecraft:sandstone":1,"minecraft:fletching_table":4,"minecraft:white_wool":1,"minecraft:oak_slab":10,"minecraft:crafting_table":10,"minecraft:blast_furnace":1,"minecraft:white_bed":7,"minecraft:apple":1,"minecraft:iron_pickaxe":33,"minecraft:gravel":49,"minecraft:stone_axe":690,"minecraft:cobblestone":1,"minecraft:cooked_porkchop":10,"minecraft:grindstone":1,"minecraft:smithing_table":1,"minecraft:bucket":11,"minecraft:yellow_bed":6},"minecraft:custom":{"minecraft:interact_with_smithing_table":1,"minecraft:mob_kills":36,"minecraft:interact_with_crafting_table":47,"minecraft:bell_ring":35,"minecraft:leave_game":5,"minecraft:time_since_death":119825,"minecraft:climb_one_cm":1728,"minecraft:sprint_one_cm":406243,"minecraft:walk_one_cm":277146,"minecraft:damage_blocked_by_shield":2025,"minecraft:drop":39,"minecraft:talked_to_villager":70,"minecraft:play_time":130635,"minecraft:deaths":1,"minecraft:sneak_time":2607,"minecraft:walk_under_water_one_cm":4223,"minecraft:jump":2276,"minecraft:interact_with_blast_furnace":1,"minecraft:walk_on_water_one_cm":8074,"minecraft:total_world_time":130635,"minecraft:interact_with_furnace":25,"minecraft:traded_with_villager":230,"minecraft:interact_with_grindstone":1,"minecraft:sleep_in_bed":3,"minecraft:time_since_rest":70235,"minecraft:damage_taken":1152,"minecraft:damage_dealt":12173,"minecraft:swim_one_cm":9780,"minecraft:fly_one_cm":437130,"minecraft:open_chest":19,"minecraft:crouch_one_cm":4437,"minecraft:fall_one_cm":46678,"minecraft:horse_one_cm":195045},"minecraft:broken":{"minecraft:iron_axe":2,"minecraft:stone_axe":5},"minecraft:mined":{"minecraft:white_bed":6,"minecraft:oak_sapling":1,"minecraft:farmland":26,"minecraft:cobblestone_stairs":1,"minecraft:brewing_stand":1,"minecraft:grass_block":3,"minecraft:composter":1,"minecraft:sandstone":1,"minecraft:oak_trapdoor":2,"minecraft:furnace":3,"minecraft:carrots":3,"minecraft:iron_ore":8,"minecraft:andesite":1,"minecraft:fletching_table":1,"minecraft:bell":1,"minecraft:dirt_path":1,"minecraft:stone":42,"minecraft:white_wool":4,"minecraft:oak_slab":12,"minecraft:crafting_table":4,"minecraft:oak_fence":13,"minecraft:blast_furnace":1,"minecraft:cobblestone":24,"minecraft:tall_grass":1,"minecraft:grindstone":2,"minecraft:oak_planks":30,"minecraft:wall_torch":2,"minecraft:seagrass":1,"minecraft:yellow_wool":3,"minecraft:birch_log":179,"minecraft:wheat":5,"minecraft:birch_leaves":5,"minecraft:yellow_bed":5,"minecraft:grass":34,"minecraft:oak_log":894,"minecraft:coal_ore":10,"minecraft:gravel":55,"minecraft:dirt":13,"minecraft:oak_leaves":110},"minecraft:killed":{"minecraft:spider":1,"minecraft:skeleton":4,"minecraft:pig":7,"minecraft:iron_golem":8,"minecraft:sheep":1,"minecraft:zombie":9,"minecraft:cow":6}},"DataVersion":3465}