{"stats":{"minecraft:killed":{"minecraft:spider":1,"minecraft:skeleton":5,"minecraft:pig":7,"minecraft:iron_golem":8,"minecraft:sheep":1,"minecraft:zombie":13,"minecraft:cow":6},"minecraft:dropped":{"minecraft:stone_hoe":7,"minecraft:oak_slab":6,"minecraft:oak_log":1,"minecraft:oak_fence":10,"minecraft:iron_helmet":2,"minecraft:cobblestone":7,"minecraft:apple":1,"minecraft:oxeye_daisy":2,"minecraft:iron_axe":2,"minecraft:chainmail_leggings":3,"minecraft:string":4,"minecraft:dandelion":1,"minecraft:bone":1,"minecraft:stone_axe":3,"minecraft:composter":1,"minecraft:rotten_flesh":6,"minecraft:iron_boots":3,"minecraft:oak_planks":4,"minecraft:poppy":12,"minecraft:ladder":2,"minecraft:oak_sapling":8,"minecraft:arrow":1},"minecraft:picked_up":{"minecraft:crafting_table":4,"minecraft:ladder":2,"minecraft:yellow_wool":3,"minecraft:brewing_stand":1,"minecraft:string":4,"minecraft:oak_trapdoor":2,"minecraft:iron_axe":1,"minecraft:spruce_planks":4,"minecraft:beef":9,"minecraft:poppy":12,"minecraft:iron_boots":3,"minecraft:furnace":3,"minecraft:stick":15,"minecraft:raw_iron":8,"minecraft:sandstone":1,"minecraft:oak_door":2,"minecraft:composter":1,"minecraft:oak_fence":11,"minecraft:torch":9,"minecraft:porkchop":11,"minecraft:carrot":17,"minecraft:arrow":6,"minecraft:rotten_flesh":17,"minecraft:mutton":1,"minecraft:white_wool":5,"minecraft:cobblestone":64,"minecraft:oxeye_daisy":2,"minecraft:birch_log":214,"minecraft:andesite":1,"minecraft:leather":6,"minecraft:potato":3,"minecraft:flint":10,"minecraft:oak_log":989,"minecraft:yellow_bed":5,"minecraft:cobblestone_stairs":1,"minecraft:stripped_birch_log":1,"minecraft:dirt":67,"minecraft:bone":3,"minecraft:apple":6,"minecraft:wheat_seeds":17,"minecraft:bell":1,"minecraft:grindstone":2,"minecraft:iron_ingot":33,"minecraft:fletching_table":1,"minecraft:oak_planks":42,"minecraft:oak_slab":16,"minecraft:dandelion":1,"minecraft:gravel":75,"minecraft:blast_furnace":1,"minecraft:white_bed":6,"minecraft:spruce_log":48,"minecraft:iron_helmet":2,"minecraft:oak_sapling":19,"minecraft:coal":19},"minecraft:custom":{"minecraft:interact_with_smithing_table":1,"minecraft:mob_kills":41,"minecraft:interact_with_crafting_table":50,"minecraft:bell_ring":35,"minecraft:leave_game":7,"minecraft:time_since_death":2411,"minecraft:climb_one_cm":1728,"minecraft:sprint_one_cm":488795,"minecraft:walk_one_cm":334997,"minecraft:damage_blocked_by_shield":2250,"minecraft:drop":46,"minecraft:talked_to_villager":82,"minecraft:play_time":152361,"minecraft:deaths":2,"minecraft:sneak_time":2690,"minecraft:walk_under_water_one_cm":10879,"minecraft:jump":2692,"minecraft:interact_with_blast_furnace":1,"minecraft:walk_on_water_one_cm":10187,"minecraft:total_world_time":152361,"minecraft:interact_with_furnace":25,"minecraft:traded_with_villager":249,"minecraft:interact_with_grindstone":1,"minecraft:sleep_in_bed":3,"minecraft:time_since_rest":2432,"minecraft:damage_taken":1490,"minecraft:damage_dealt":13487,"minecraft:swim_one_cm":12241,"minecraft:fly_one_cm":530803,"minecraft:open_chest":22,"minecraft:crouch_one_cm":4437,"minecraft:fall_one_cm":53322,"minecraft:horse_one_cm":195045},"minecraft:broken":{"minecraft:iron_axe":2,"minecraft:stone_axe":5},"minecraft:crafted":{"minecraft:oak_planks":3544,"minecraft:furnace":2,"minecraft:yellow_bed":1,"minecraft:oak_trapdoor":4,"minecraft:bow":1,"minecraft:iron_axe":7,"minecraft:stone_pickaxe":2,"minecraft:chest":3,"minecraft:diamond_boots":1,"minecraft:stone_hoe":13,"minecraft:chainmail_leggings":26,"minecraft:cooked_beef":9,"minecraft:emerald":186,"minecraft:cooked_porkchop":10,"minecraft:crafting_table":7,"minecraft:wooden_pickaxe":2,"minecraft:iron_helmet":16,"minecraft:smithing_table":1,"minecraft:fletching_table":5,"minecraft:bucket":1,"minecraft:birch_planks":708,"minecraft:stone_axe":10,"minecraft:air":0,"minecraft:iron_chestplate":4,"minecraft:shield":1,"minecraft:stick":7713,"minecraft:iron_pickaxe":1,"minecraft:iron_leggings":1,"minecraft:white_bed":1},"minecraft:mined":{"minecraft:spruce_planks":4,"minecraft:farmland":26,"minecraft:white_bed":6,"minecraft:oak_sapling":1,"minecraft:cobblestone_stairs":1,"minecraft:stripped_birch_log":1,"minecraft:brewing_stand":1,"minecraft:grass_block":4,"minecraft:spruce_leaves":3,"minecraft:composter":1,"minecraft:sandstone":1,"minecraft:oak_trapdoor":2,"minecraft:furnace":3,"minecraft:carrots":5,"minecraft:iron_ore":8,"minecraft:andesite":1,"minecraft:fletching_table":1,"minecraft:bell":1,"minecraft:dirt_path":1,"minecraft:stone":42,"minecraft:white_wool":4,"minecraft:oak_slab":12,"minecraft:oak_fence":13,"minecraft:crafting_table":4,"minecraft:blast_furnace":1,"minecraft:cobblestone":24,"minecraft:tall_grass":1,"minecraft:grindstone":2,"minecraft:oak_planks":34,"minecraft:wall_torch":2,"minecraft:seagrass":1,"minecraft:yellow_wool":3,"minecraft:birch_log":216,"minecraft:wheat":5,"minecraft:spruce_log":50,"minecraft:birch_leaves":5,"minecraft:yellow_bed":5,"minecraft:grass":38,"minecraft:coal_ore":10,"minecraft:oak_log":997,"minecraft:gravel":85,"minecraft:dirt":13,"minecraft:oak_leaves":118},"minecraft:used":{"minecraft:oak_fence":1,"minecraft:oak_trapdoor":6,"minecraft:chest":2,"minecraft:shield":22,"minecraft:bell":1,"minecraft:stone_hoe":22,"minecraft:rotten_flesh":11,"minecraft:dirt":39,"minecraft:carrot":17,"minecraft:lava_bucket":1,"minecraft:iron_axe":939,"minecraft:iron_helmet":1,"minecraft:iron_boots":1,"minecraft:oak_sapling":6,"minecraft:furnace":4,"minecraft:cooked_beef":8,"minecraft:water_bucket":9,"minecraft:diamond_boots":1,"minecraft:stone_pickaxe":56,"minecraft:oak_planks":277,"minecraft:wooden_pickaxe":16,"minecraft:sandstone":1,"minecraft:fletching_table":6,"minecraft:white_wool":1,"minecraft:oak_slab":10,"minecraft:crafting_table":10,"minecraft:blast_furnace":1,"minecraft:white_bed":7,"minecraft:apple":3,"minecraft:iron_pickaxe":33,"minecraft:gravel":75,"minecraft:stone_axe":698,"minecraft:cobblestone":1,"minecraft:cooked_porkchop":10,"minecraft:grindstone":1,"minecraft:smithing_table":1,"minecraft:bucket":11,"minecraft:yellow_bed":6},"minecraft:killed_by":{"minecraft:skeleton":1,"minecraft:zombie":1}},"DataVersion":3465}