{"stats":{"minecraft:killed":{"minecraft:spider":1,"minecraft:skeleton":7,"minecraft:pig":7,"minecraft:salmon":3,"minecraft:iron_golem":8,"minecraft:sheep":1,"minecraft:zombie":15,"minecraft:cow":6},"minecraft:dropped":{"minecraft:stone_hoe":7,"minecraft:oak_slab":6,"minecraft:oak_log":1,"minecraft:oak_fence":10,"minecraft:iron_helmet":3,"minecraft:cobblestone":7,"minecraft:apple":2,"minecraft:oxeye_daisy":2,"minecraft:iron_axe":4,"minecraft:chainmail_leggings":6,"minecraft:string":4,"minecraft:dandelion":1,"minecraft:bone":1,"minecraft:stone_axe":3,"minecraft:composter":1,"minecraft:rotten_flesh":6,"minecraft:iron_boots":3,"minecraft:oak_planks":4,"minecraft:poppy":12,"minecraft:ladder":2,"minecraft:oak_sapling":9,"minecraft:arrow":1},"minecraft:picked_up":{"minecraft:iron_chestplate":1,"minecraft:crafting_table":4,"minecraft:ladder":2,"minecraft:yellow_wool":3,"minecraft:brewing_stand":1,"minecraft:shield":1,"minecraft:string":4,"minecraft:oak_trapdoor":2,"minecraft:iron_axe":2,"minecraft:iron_leggings":1,"minecraft:cobbled_deepslate":2,"minecraft:spruce_planks":4,"minecraft:beef":9,"minecraft:poppy":12,"minecraft:birch_sapling":6,"minecraft:iron_boots":3,"minecraft:furnace":3,"minecraft:stick":33,"minecraft:raw_iron":8,"minecraft:sandstone":1,"minecraft:oak_door":2,"minecraft:composter":1,"minecraft:oak_fence":11,"minecraft:torch":9,"minecraft:porkchop":11,"minecraft:carrot":37,"minecraft:arrow":9,"minecraft:rotten_flesh":18,"minecraft:diamond_boots":1,"minecraft:mutton":1,"minecraft:white_wool":5,"minecraft:cobblestone":68,"minecraft:oxeye_daisy":2,"minecraft:birch_log":267,"minecraft:salmon":3,"minecraft:andesite":1,"minecraft:leather":6,"minecraft:potato":3,"minecraft:flint":10,"minecraft:oak_log":1166,"minecraft:yellow_bed":5,"minecraft:cobblestone_stairs":1,"minecraft:stripped_birch_log":1,"minecraft:dirt":67,"minecraft:bone":6,"minecraft:apple":12,"minecraft:wheat_seeds":17,"minecraft:bell":1,"minecraft:grindstone":2,"minecraft:iron_ingot":33,"minecraft:fletching_table":1,"minecraft:oak_planks":42,"minecraft:oak_slab":16,"minecraft:dandelion":1,"minecraft:gravel":75,"minecraft:spruce_sapling":1,"minecraft:blast_furnace":1,"minecraft:white_bed":6,"minecraft:spruce_log":76,"minecraft:chainmail_leggings":1,"minecraft:iron_helmet":3,"minecraft:oak_sapling":37,"minecraft:coal":19},"minecraft:custom":{"minecraft:interact_with_smithing_table":1,"minecraft:mob_kills":48,"minecraft:interact_with_crafting_table":53,"minecraft:bell_ring":35,"minecraft:leave_game":8,"minecraft:time_since_death":33176,"minecraft:climb_one_cm":1728,"minecraft:sprint_one_cm":593135,"minecraft:walk_one_cm":427945,"minecraft:damage_blocked_by_shield":2970,"minecraft:drop":54,"minecraft:talked_to_villager":103,"minecraft:play_time":183126,"minecraft:deaths":2,"minecraft:sneak_time":2716,"minecraft:walk_under_water_one_cm":16945,"minecraft:jump":3341,"minecraft:interact_with_blast_furnace":2,"minecraft:walk_on_water_one_cm":20693,"minecraft:total_world_time":183126,"minecraft:interact_with_furnace":25,"minecraft:traded_with_villager":305,"minecraft:interact_with_grindstone":1,"minecraft:sleep_in_bed":3,"minecraft:time_since_rest":33197,"minecraft:damage_taken":1569,"minecraft:damage_dealt":14220,"minecraft:swim_one_cm":18877,"minecraft:fly_one_cm":655857,"minecraft:open_chest":31,"minecraft:crouch_one_cm":4437,"minecraft:fall_one_cm":64159,"minecraft:horse_one_cm":195045},"minecraft:broken":{"minecraft:iron_axe":3,"minecraft:stone_axe":6},"minecraft:crafted":{"minecraft:oak_planks":4252,"minecraft:furnace":2,"minecraft:yellow_bed":1,"minecraft:bone_meal":9,"minecraft:oak_trapdoor":4,"minecraft:bow":1,"minecraft:iron_axe":7,"minecraft:stone_pickaxe":2,"minecraft:chest":3,"minecraft:diamond_boots":1,"minecraft:stone_hoe":13,"minecraft:chainmail_leggings":26,"minecraft:cooked_beef":9,"minecraft:emerald":242,"minecraft:cooked_porkchop":10,"minecraft:crafting_table":7,"minecraft:spruce_planks":128,"minecraft:wooden_pickaxe":2,"minecraft:iron_helmet":16,"minecraft:smithing_table":1,"minecraft:fletching_table":5,"minecraft:bucket":1,"minecraft:birch_planks":920,"minecraft:stone_axe":10,"minecraft:air":0,"minecraft:iron_chestplate":4,"minecraft:shield":1,"minecraft:stick":9809,"minecraft:iron_pickaxe":1,"minecraft:iron_leggings":1,"minecraft:white_bed":1},"minecraft:mined":{"minecraft:spruce_planks":4,"minecraft:farmland":26,"minecraft:white_bed":6,"minecraft:oak_sapling":1,"minecraft:cobblestone_stairs":1,"minecraft:stripped_birch_log":1,"minecraft:brewing_stand":1,"minecraft:grass_block":4,"minecraft:spruce_leaves":13,"minecraft:composter":1,"minecraft:sandstone":1,"minecraft:tall_seagrass":1,"minecraft:oak_trapdoor":2,"minecraft:furnace":3,"minecraft:carrots":10,"minecraft:iron_ore":8,"minecraft:cobbled_deepslate":2,"minecraft:andesite":1,"minecraft:fletching_table":1,"minecraft:bell":1,"minecraft:dirt_path":1,"minecraft:stone":42,"minecraft:white_wool":4,"minecraft:oak_slab":12,"minecraft:oak_fence":13,"minecraft:crafting_table":4,"minecraft:blast_furnace":1,"minecraft:cobblestone":28,"minecraft:tall_grass":1,"minecraft:grindstone":2,"minecraft:oak_planks":35,"minecraft:wall_torch":2,"minecraft:seagrass":1,"minecraft:yellow_wool":3,"minecraft:birch_log":269,"minecraft:wheat":5,"minecraft:spruce_log":78,"minecraft:birch_leaves":6,"minecraft:yellow_bed":5,"minecraft:grass":45,"minecraft:coal_ore":10,"minecraft:oak_log":1174,"minecraft:gravel":85,"minecraft:dirt":13,"minecraft:oak_leaves":158},"minecraft:used":{"minecraft:oak_fence":1,"minecraft:oak_trapdoor":6,"minecraft:chest":2,"minecraft:shield":31,"minecraft:bell":1,"minecraft:stone_hoe":37,"minecraft:rotten_flesh":14,"minecraft:dirt":39,"minecraft:carrot":37,"minecraft:lava_bucket":1,"minecraft:iron_axe":1184,"minecraft:iron_helmet":2,"minecraft:iron_boots":1,"minecraft:oak_sapling":7,"minecraft:furnace":4,"minecraft:cooked_beef":8,"minecraft:cobbled_deepslate":10,"minecraft:water_bucket":9,"minecraft:diamond_boots":1,"minecraft:stone_pickaxe":63,"minecraft:oak_planks":277,"minecraft:wooden_pickaxe":16,"minecraft:sandstone":1,"minecraft:fletching_table":6,"minecraft:salmon":3,"minecraft:white_wool":1,"minecraft:oak_slab":10,"minecraft:crafting_table":10,"minecraft:blast_furnace":1,"minecraft:white_bed":7,"minecraft:apple":8,"minecraft:iron_pickaxe":33,"minecraft:gravel":75,"minecraft:stone_axe":774,"minecraft:cobblestone":1,"minecraft:cooked_porkchop":10,"minecraft:grindstone":1,"minecraft:smithing_table":1,"minecraft:bucket":11,"minecraft:yellow_bed":6,"minecraft:bone_meal":9,"minecraft:chainmail_leggings":1},"minecraft:killed_by":{"minecraft:skeleton":1,"minecraft:zombie":1}},"DataVersion":3465}