{"stats":{"minecraft:mined":{"minecraft:crafting_table":2,"minecraft:grass":4,"minecraft:oak_log":1,"minecraft:jungle_planks":1,"minecraft:jungle_log":9,"minecraft:stone":12,"minecraft:fern":1},"minecraft:picked_up":{"minecraft:stick":12,"minecraft:crafting_table":3,"minecraft:chicken":1,"minecraft:jungle_log":9,"minecraft:wooden_pickaxe":1,"minecraft:porkchop":4,"minecraft:jungle_planks":56,"minecraft:oak_log":1,"minecraft:melon_slice":35,"minecraft:sugar_cane":1,"minecraft:cobblestone":12},"minecraft:custom":{"minecraft:time_since_rest":10525,"minecraft:sprint_one_cm":41958,"minecraft:damage_taken":120,"minecraft:walk_one_cm":15440,"minecraft:mob_kills":5,"minecraft:damage_dealt":722,"minecraft:swim_one_cm":3137,"minecraft:interact_with_crafting_table":5,"minecraft:fly_one_cm":41914,"minecraft:player_kills":2,"minecraft:crouch_one_cm":205,"minecraft:play_time":10525,"minecraft:sneak_time":74,"minecraft:walk_under_water_one_cm":2118,"minecraft:jump":282,"minecraft:leave_game":2,"minecraft:walk_on_water_one_cm":2208,"minecraft:time_since_death":10525,"minecraft:climb_one_cm":2148,"minecraft:total_world_time":10525,"minecraft:fall_one_cm":9913},"minecraft:crafted":{"minecraft:oak_planks":4,"minecraft:crafting_table":1,"minecraft:stick":4,"minecraft:wooden_pickaxe":1,"minecraft:stone_pickaxe":1,"minecraft:wooden_axe":1,"minecraft:stone_axe":1,"minecraft:jungle_planks":36},"minecraft:used":{"minecraft:wooden_axe":5,"minecraft:stone_pickaxe":4,"minecraft:wooden_pickaxe":8,"minecraft:stone_axe":21,"minecraft:cobblestone":6,"minecraft:crafting_table":2,"minecraft:porkchop":4,"minecraft:jungle_planks":6},"minecraft:killed":{"minecraft:pig":4,"minecraft:chicken":1}},"DataVersion":3465}