{"stats":{"minecraft:mined":{"minecraft:oak_log":1},"minecraft:picked_up":{"minecraft:oak_log":1},"minecraft:killed_by":{"minecraft:player":2},"minecraft:custom":{"minecraft:jump":51,"minecraft:leave_game":1,"minecraft:time_since_rest":390,"minecraft:walk_on_water_one_cm":668,"minecraft:deaths":2,"minecraft:damage_dealt":82,"minecraft:sprint_one_cm":8317,"minecraft:play_time":3332,"minecraft:damage_taken":670,"minecraft:time_since_death":354,"minecraft:walk_one_cm":18774,"minecraft:climb_one_cm":136,"minecraft:total_world_time":3332,"minecraft:walk_under_water_one_cm":3665,"minecraft:swim_one_cm":1269,"minecraft:fall_one_cm":2919,"minecraft:fly_one_cm":3805,"minecraft:player_kills":1}},"DataVersion":3465}