{"stats":{"minecraft:mined":{"minecraft:grass":5,"minecraft:grass_block":1,"minecraft:melon":3,"minecraft:vine":3,"minecraft:jungle_log":9,"minecraft:jungle_leaves":1,"minecraft:crafting_table":1,"minecraft:oak_leaves":5,"minecraft:fern":2},"minecraft:used":{"minecraft:crafting_table":1,"minecraft:oak_sapling":1,"minecraft:diamond_axe":6},"minecraft:picked_up":{"minecraft:crafting_table":1,"minecraft:jungle_log":18,"minecraft:oak_sapling":1,"minecraft:melon_slice":14,"minecraft:dirt":1},"minecraft:crafted":{"minecraft:diamond_boots":1,"minecraft:diamond_sword":1,"minecraft:diamond_helmet":1,"minecraft:diamond_leggings":1,"minecraft:diamond_axe":1,"minecraft:crafting_table":1,"minecraft:diamond_chestplate":1,"minecraft:stick":4,"minecraft:jungle_planks":36},"minecraft:custom":{"minecraft:time_since_rest":3653,"minecraft:crouch_one_cm":316,"minecraft:play_time":6835,"minecraft:sprint_one_cm":4582,"minecraft:deaths":2,"minecraft:damage_taken":434,"minecraft:walk_one_cm":24208,"minecraft:sneak_time":103,"minecraft:jump":128,"minecraft:damage_dealt":105,"minecraft:leave_game":1,"minecraft:time_since_death":3623,"minecraft:climb_one_cm":2287,"minecraft:total_world_time":6835,"minecraft:interact_with_crafting_table":1,"minecraft:fly_one_cm":4095,"minecraft:fall_one_cm":3031,"minecraft:player_kills":1},"minecraft:killed_by":{"minecraft:player":1}},"DataVersion":3465}