{"stats":{"minecraft:killed":{"minecraft:sheep":2,"minecraft:zombie":1,"minecraft:pig":2,"minecraft:spider":3,"minecraft:creeper":1},"minecraft:picked_up":{"minecraft:stick":2,"minecraft:crafting_table":2,"minecraft:porkchop":6,"minecraft:oak_log":6,"minecraft:carrot":1,"minecraft:gunpowder":1,"minecraft:spider_eye":2,"minecraft:string":3,"minecraft:dirt":3,"minecraft:iron_axe":1,"minecraft:bone":1,"minecraft:apple":1,"minecraft:rotten_flesh":3,"minecraft:tropical_fish":1,"minecraft:wheat_seeds":11,"minecraft:chainmail_leggings":1,"minecraft:iron_helmet":1,"minecraft:oak_sapling":1,"minecraft:mutton":5,"minecraft:cod":5,"minecraft:egg":1,"minecraft:white_wool":3,"minecraft:cobblestone":15,"minecraft:furnace":1},"minecraft:custom":{"minecraft:time_since_rest":7002,"minecraft:interact_with_furnace":27,"minecraft:sprint_one_cm":244666,"minecraft:damage_taken":695,"minecraft:walk_one_cm":137909,"minecraft:mob_kills":9,"minecraft:damage_dealt":1662,"minecraft:swim_one_cm":6468,"minecraft:interact_with_crafting_table":15,"minecraft:fly_one_cm":272750,"minecraft:open_chest":2,"minecraft:crouch_one_cm":3860,"minecraft:play_time":42795,"minecraft:sneak_time":849,"minecraft:walk_under_water_one_cm":1822,"minecraft:jump":1007,"minecraft:leave_game":1,"minecraft:time_since_death":42795,"minecraft:walk_on_water_one_cm":2711,"minecraft:sleep_in_bed":2,"minecraft:fish_caught":6,"minecraft:total_world_time":42795,"minecraft:horse_one_cm":4264,"minecraft:fall_one_cm":28168},"minecraft:crafted":{"minecraft:cooked_cod":5,"minecraft:oak_planks":24,"minecraft:fishing_rod":1,"minecraft:cooked_porkchop":3,"minecraft:crafting_table":1,"minecraft:stick":8,"minecraft:wooden_pickaxe":1,"minecraft:wooden_axe":1,"minecraft:oak_button":2,"minecraft:furnace":1,"minecraft:white_bed":1,"minecraft:stone_axe":1,"minecraft:cooked_mutton":5},"minecraft:mined":{"minecraft:furnace":1,"minecraft:carrots":1,"minecraft:crafting_table":2,"minecraft:grass":74,"minecraft:grass_block":1,"minecraft:oak_log":6,"minecraft:dirt":2,"minecraft:stone":15,"minecraft:oak_leaves":5},"minecraft:used":{"minecraft:cooked_mutton":5,"minecraft:wooden_axe":4,"minecraft:apple":1,"minecraft:iron_axe":6,"minecraft:wooden_pickaxe":16,"minecraft:rotten_flesh":2,"minecraft:fishing_rod":12,"minecraft:stone_axe":17,"minecraft:dirt":3,"minecraft:cobblestone":4,"minecraft:cooked_cod":4,"minecraft:crafting_table":2,"minecraft:cooked_porkchop":3,"minecraft:furnace":2,"minecraft:porkchop":3,"minecraft:carrot":1,"minecraft:white_bed":1}},"DataVersion":3465}