{"stats":{"minecraft:mined":{"minecraft:grass":2,"minecraft:grass_block":3,"minecraft:oak_leaves":8,"minecraft:fern":1},"minecraft:used":{"minecraft:dirt":3},"minecraft:picked_up":{"minecraft:wheat_seeds":1,"minecraft:dirt":3},"minecraft:custom":{"minecraft:jump":100,"minecraft:time_since_rest":1002,"minecraft:leave_game":1,"minecraft:deaths":2,"minecraft:damage_dealt":95,"minecraft:sprint_one_cm":7296,"minecraft:play_time":3005,"minecraft:damage_taken":415,"minecraft:time_since_death":945,"minecraft:walk_one_cm":5485,"minecraft:climb_one_cm":932,"minecraft:total_world_time":3005,"minecraft:fall_one_cm":1410,"minecraft:fly_one_cm":5921},"minecraft:killed_by":{"minecraft:player":2}},"DataVersion":3465}